Date/Time,Environment:Site Outdoor Air Drybulb Temperature [C](TimeStep),Environment:Site Outdoor Air Humidity Ratio [kgWater/kgDryAir](TimeStep),Environment:Site Outdoor Air Relative Humidity [%](TimeStep),EMS:currentDayOfWeek [](TimeStep),EMS:currentHoliday [](TimeStep),BANQUET_FLR_6:Zone Air Temperature [C](TimeStep),BASEMENT:Zone Air Temperature [C](TimeStep),CAFE_FLR_1:Zone Air Temperature [C](TimeStep),CORRIDOR_FLR_3:Zone Air Temperature [C](TimeStep),CORRIDOR_FLR_6:Zone Air Temperature [C](TimeStep),DINING_FLR_6:Zone Air Temperature [C](TimeStep),KITCHEN_FLR_6:Zone Air Temperature [C](TimeStep),LAUNDRY_FLR_1:Zone Air Temperature [C](TimeStep),LOBBY_FLR_1:Zone Air Temperature [C](TimeStep),MECH_FLR_1:Zone Air Temperature [C](TimeStep),RETAIL_1_FLR_1:Zone Air Temperature [C](TimeStep),RETAIL_2_FLR_1:Zone Air Temperature [C](TimeStep),ROOM_1_FLR_3:Zone Air Temperature [C](TimeStep),ROOM_1_FLR_6:Zone Air Temperature [C](TimeStep),ROOM_2_FLR_3:Zone Air Temperature [C](TimeStep),ROOM_2_FLR_6:Zone Air Temperature [C](TimeStep),ROOM_3_MULT19_FLR_3:Zone Air Temperature [C](TimeStep),ROOM_3_MULT9_FLR_6:Zone Air Temperature [C](TimeStep),ROOM_4_MULT19_FLR_3:Zone Air Temperature [C](TimeStep),ROOM_5_FLR_3:Zone Air Temperature [C](TimeStep),ROOM_6_FLR_3:Zone Air Temperature [C](TimeStep),STORAGE_FLR_1:Zone Air Temperature [C](TimeStep),Whole Building:Facility Total Building Electric Demand Power [W](TimeStep),Whole Building:Facility Total HVAC Electric Demand Power [W](TimeStep),Whole Building:Facility Total Electric Demand Power [W](TimeStep),BANQUET_FLR_6 PEOPLE:Zone Thermal Comfort Fanger Model PMV [](TimeStep),BASEMENT PEOPLE:Zone Thermal Comfort Fanger Model PMV [](TimeStep),CAFE_FLR_1 PEOPLE:Zone Thermal Comfort Fanger Model PMV [](TimeStep),CORRIDOR_FLR_3 PEOPLE:Zone Thermal Comfort Fanger Model PMV [](TimeStep),CORRIDOR_FLR_6 PEOPLE:Zone Thermal Comfort Fanger Model PMV [](TimeStep),DINING_FLR_6 PEOPLE:Zone Thermal Comfort Fanger Model PMV [](TimeStep),KITCHEN_FLR_6 PEOPLE:Zone Thermal Comfort Fanger Model PMV [](TimeStep),LAUNDRY_FLR_1 PEOPLE:Zone Thermal Comfort Fanger Model PMV [](TimeStep),LOBBY_FLR_1 PEOPLE:Zone Thermal Comfort Fanger Model PMV [](TimeStep),RETAIL_1_FLR_1 PEOPLE:Zone Thermal Comfort Fanger Model PMV [](TimeStep),RETAIL_2_FLR_1 PEOPLE:Zone Thermal Comfort Fanger Model PMV [](TimeStep),ROOM_1_FLR_3 PEOPLE:Zone Thermal Comfort Fanger Model PMV [](TimeStep),ROOM_1_FLR_6 PEOPLE:Zone Thermal Comfort Fanger Model PMV [](TimeStep),ROOM_2_FLR_3 PEOPLE:Zone Thermal Comfort Fanger Model PMV [](TimeStep),ROOM_2_FLR_6 PEOPLE:Zone Thermal Comfort Fanger Model PMV [](TimeStep),ROOM_3_MULT19_FLR_3 PEOPLE:Zone Thermal Comfort Fanger Model PMV [](TimeStep),ROOM_3_MULT9_FLR_6 PEOPLE:Zone Thermal Comfort Fanger Model PMV [](TimeStep),ROOM_4_MULT19_FLR_3 PEOPLE:Zone Thermal Comfort Fanger Model PMV [](TimeStep),ROOM_5_FLR_3 PEOPLE:Zone Thermal Comfort Fanger Model PMV [](TimeStep),ROOM_6_FLR_3 PEOPLE:Zone Thermal Comfort Fanger Model PMV [](TimeStep),STORAGE_FLR_1 PEOPLE:Zone Thermal Comfort Fanger Model PMV [](TimeStep),CLGSETP_SCH:Schedule Value [](TimeStep),HTGSETP_SCH:Schedule Value [](TimeStep),GUEST_CLGSETP_SCH:Schedule Value [](TimeStep),GUEST_HTGSETP_SCH:Schedule Value [](TimeStep),KITCHEN_CLGSETP_SCH:Schedule Value [](TimeStep),KITCHEN_HTGSETP_SCH:Schedule Value [](TimeStep),SEASONAL-RESET-SUPPLY-AIR-TEMP-SCH:Schedule Value [](TimeStep),CW-LOOP-TEMP-SCHEDULE:Schedule Value [](TimeStep) 
 08/01  00:15:00,18.825,1.236003897460377E-002,89.25,6.,0.0,28.5753244525511,23.8573833975329,27.0209156599578,26.8916163160956,27.5055144500875,28.5911503830449,28.0225009035679,23.1108208154564,23.2958021798407,25.9855669761263,24.7322700618131,25.1589160383147,23.9998374717949,24.0000147551744,23.9999113882786,23.9999673067437,24.0000009952428,23.9999795467592,24.0000120870168,23.9999492246484,23.999969029949,25.214666789322,73611.6160663651,38984.0251621084,112595.641228474,5.458238616887687E-003,-0.649099573049283,-0.189194752864213,0.41244680599447,0.579514681025923,-8.505306928069516E-002,0.160233146136162,-1.3086722099431,-0.812109097083116,-0.523091779275035,-0.370908931633783,-0.231504998567164,-0.361607976204525,-0.239896539342267,-0.371150256234844,-0.370696716648389,-0.416677451789165,-0.389031377664413,-0.270804951321294,-0.282666928418579,-0.156413304437446,30.,16.,24.,21.,30.,16.,13.,6.7 
 08/01  00:30:00,19.35,1.267366512954004E-002,88.5,6.,0.0,30.2695607476698,24.267000021901,28.4160373928967,26.9974352023298,27.7429221471661,30.3099625822092,29.2823399436412,25.007506697663,24.3348280076385,26.0798741564156,25.8715821675262,26.1395781818856,24.0001385300346,24.0000052760094,23.9998894080798,24.0002033587168,23.9999589701232,23.9998832865349,24.0002506336237,23.999929944116,23.9998234078296,25.4246621274046,73800.5641543289,40358.6501828415,114159.21433717,1.05467927813033,-0.595560936953097,0.500420049358392,0.427935130826392,0.621009899809599,0.938144039432981,1.37589981554731,-0.508729872271544,-0.640398254022193,-0.217547913903298,-0.107377419081176,-0.230778963752277,-0.364604588421213,-0.239038532999695,-0.374071773702009,-0.36856704497566,-0.410538959021141,-0.386568159640738,-0.26947059089454,-0.281149934364386,-0.136762268430975,30.,16.,24.,21.,30.,16.,13.,6.7 
 08/01  00:45:00,19.875,1.299269924830587E-002,87.75,6.,0.0,27.2964152845833,23.94578745937,26.3700816975702,26.9021476689472,27.4638326991097,27.3582367965816,25.8059194373464,19.7300465863119,23.5381731295964,25.997112757916,24.773807130485,25.3683879815975,24.0001654352674,24.0000556523721,23.9998272205608,23.9998920982462,24.0000148181894,24.0000208948749,24.0000374446991,23.9999348399128,23.9998155254918,25.3162640585588,73823.1379494956,85782.7294574559,159605.867406952,1.57292606871405,-0.510990794293066,0.905197952828464,0.450449255602788,0.67085896373064,1.46486783930846,1.74808336594471,-0.110831752059452,-0.426631794560182,4.234642428311066E-002,0.116751596774889,-0.230099694176553,-0.368288916807592,-0.238351950981801,-0.377612343099672,-0.367054181926756,-0.408027020742246,-0.384671169240539,-0.268228245563071,-0.279838162780869,-9.069732931832711E-002,30.,16.,24.,21.,30.,16.,13.,6.7 
 08/01  01:00:00,20.4,1.331714250849911E-002,87.,6.,0.0,25.3911826283062,23.3422942738101,24.5935462670672,26.7489460206929,27.1139830743786,25.4878350168978,24.210350988795,17.6938169951842,22.3620473763778,25.8157669763431,23.4752031178022,24.1958958031572,24.0002220673861,23.9999036492803,24.0000030123181,24.0001410588072,23.9999517906522,24.0000132309124,24.0000414419252,23.9998933929666,24.0000699266815,25.0246960517507,73700.9518946204,101014.653576644,174715.605471265,0.968327173685882,-0.573818720896569,0.506971752589921,0.431704459913858,0.607461228811022,0.764870321446494,0.84914835352498,-1.35833870773984,-0.612939412708482,-0.187748637278456,-3.124722133104684E-002,-0.229527195000155,-0.37211291549832,-0.237738329527899,-0.381404212802484,-0.365923247658658,-0.408681762820913,-0.383315989428448,-0.267095317583293,-0.278577925432903,-0.110798015429367,30.,16.,24.,21.,30.,16.,13.,6.7 
 08/01  01:15:00,20.175,1.336057687779155E-002,88.5,6.,0.0,29.226928565375,23.740108766001,27.2950785565792,26.8707677223146,27.4284310388315,29.3110484984373,28.2558091803611,22.2035322819711,23.4360327844613,25.8832410945961,24.8640424868416,25.2390446548391,24.0001481548972,23.9999218112227,23.9999098669095,23.999977101348,24.0000159951779,24.0000137772187,24.0000289699287,23.9999960201073,23.9999957070151,25.1732007156267,65755.7816327118,40656.6380692882,106412.419702,0.4486891826745,-0.691986678112522,5.704951245216471E-002,0.401897670002771,0.532772564043366,0.173036380803461,0.383431672112263,-1.7453967115343,-0.841791477793047,-0.464476936201334,-0.273400396468285,-0.232755220981216,-0.380340347430011,-0.240857366964164,-0.38947765464598,-0.367053813010714,-0.413995154678888,-0.383841828642398,-0.270890012645376,-0.281013817359553,-0.168476268168881,30.,16.,24.,21.,30.,16.,13.,6.7 
 08/01  01:30:00,19.95,1.339989208503353E-002,90.,6.,0.0,26.2397350147819,23.4938675094061,25.4500350236634,26.7897969887718,27.1593751135713,26.3436853361921,22.966480174405,16.694057015631,22.5849128046471,25.8002495147202,23.8066160686672,24.6396508138568,24.0000595612394,23.9999834087321,24.0000509875828,24.0000029444888,23.9999608885482,23.9999772785028,23.999877225383,23.9999564602601,24.000022864425,25.066633805204,65884.9658891608,97820.964030916,163705.929920077,1.31961880040037,-0.606412314392471,0.662617978335681,0.428272737543887,0.598789211497973,1.05211577310665,1.33708970112033,-0.741474609372671,-0.601733141536427,-0.162051598203547,-4.502038620118608E-002,-0.234718564112769,-0.387110258468812,-0.242762914347703,-0.397214285198079,-0.366920266111033,-0.419938879426746,-0.384535090481193,-0.272236416989663,-0.282294208627694,-0.137289377380596,30.,16.,24.,21.,30.,16.,13.,6.7 
 08/01  01:45:00,19.725,1.343517813957985E-002,91.5,6.,0.0,25.3701362877841,23.1593834936299,24.4646539901438,26.6923384830639,26.9387418957567,25.475393532511,23.5214874717221,17.2776279129905,22.0260858175417,25.6610713042881,23.1721072007985,23.9973919831763,23.9999589753626,24.0000062005499,23.9998623623496,23.9999509429914,23.9999431541719,23.9999706596883,23.9999510801758,23.9999481136988,24.0000767290322,24.8699674279669,65703.0873641425,93253.980014809,158957.067378952,0.652096761720753,-0.658354942177984,0.249413465024328,0.410760608981343,0.533633922054507,0.372436382710377,3.955903280946121E-002,-2.00698103705456,-0.813328929096545,-0.408853639256931,-0.175298699118182,-0.236369874171604,-0.394329625573149,-0.24429991763179,-0.402894820205229,-0.367345541398461,-0.422015853090727,-0.383747407814015,-0.273335253362205,-0.283249665253642,-0.159310630529981,30.,16.,24.,21.,30.,16.,13.,6.7 
 08/01  02:00:00,19.5,1.346652707761800E-002,93.,6.,0.0,29.2490857692152,23.6601493472612,27.2185271406878,26.8323655278169,27.2766163006827,29.3378551908943,27.6260410681704,21.7582765904367,23.2648794255335,25.7601883847763,24.6472209604274,25.1348607376221,24.0001108892503,24.000023702187,24.0002058048049,24.0000251666143,24.0000476525761,23.9999873170208,24.0000492388824,24.0000087844576,24.0000217950514,25.0729556368798,65735.0754986481,38793.1057379855,104528.181236634,0.401261853623308,-0.725582006656595,-1.716521874706650E-002,0.392260013261955,0.484726073756203,0.13679106452525,0.143366010967155,-1.88939305055028,-0.915436622551847,-0.551063500260905,-0.315201440350703,-0.237964565272495,-0.399416116736501,-0.245843199636737,-0.408870629880922,-0.366209153153777,-0.422437674706995,-0.382680232349225,-0.274372774222009,-0.284166362660722,-0.199758559270658,30.,16.,24.,21.,30.,16.,13.,6.7 
 08/01  02:15:00,19.3,1.343900608977551E-002,94.,6.,0.0,26.2436544941171,23.4422307985889,25.3792481608816,26.7572496820797,27.0160308876311,26.3496886606785,22.5838460857839,16.6173072235771,22.498308408306,25.7040485850507,23.6264747798847,24.5572252713142,23.9999855352744,23.9999874731759,24.0001178577031,23.9999931032381,24.0000238108061,24.0000179518851,23.9999250233205,24.0000634652589,24.0000084383346,24.9891747869611,65867.6175320106,92944.7210152121,158812.338547223,1.29190648399992,-0.618289989572983,0.604447187443986,0.422350045941424,0.556002481615374,1.04094596309626,1.13457101374147,-0.88988604335463,-0.64243234223254,-0.230952866953864,-6.807804258468808E-002,-0.239107931790736,-0.403795124091769,-0.246901591548351,-0.412372469906488,-0.36483727117229,-0.424005084560594,-0.381370241763335,-0.275013840068976,-0.284719011331964,-0.155919160075959,30.,16.,24.,21.,30.,16.,13.,6.7 
 08/01  02:30:00,19.1,1.340972945442285E-002,95.,6.,0.0,25.3746692804164,23.1235421091151,24.3972315658672,26.6629363552825,26.8041387060282,25.4830606192241,23.1361816751508,17.1155368816205,21.9600637780029,25.5807392246406,23.0155334957509,23.9292904505458,24.0000265366102,23.9999956008821,24.0000587057557,23.9999724889721,23.9999929600369,23.9999912407213,23.9999843277086,23.9999828489454,23.9999850263291,24.8093184161335,65690.0650462818,88478.3341132038,154168.399159486,0.633867691503882,-0.665180890706403,0.202168390087168,0.406117562519722,0.493167380152649,0.367667414304745,-9.646081514733806E-002,-2.06492047744083,-0.835742061396012,-0.468490453266104,-0.195015635691869,-0.240260473199611,-0.408271230827326,-0.247972251389269,-0.41544862474883,-0.363419757280804,-0.424356693160639,-0.380040722058791,-0.275597408290525,-0.285211498838862,-0.174305585040376,30.,16.,24.,21.,30.,16.,13.,6.7 
 08/01  02:45:00,18.9,1.337874015955537E-002,96.,6.,0.0,29.251303032414,23.6281553490439,27.1465700628894,26.8036601839478,27.1433244062575,29.3445043932039,27.1485944232136,21.4623625357676,23.1798111996307,25.6876256310376,24.48303261094,25.0702236963434,24.0001233628742,23.9999762545277,23.9999697926944,23.9999656590633,24.0000545107297,23.9999976650795,23.9999866071519,24.0000787104793,24.0000637964608,25.0205146725576,65717.7265909681,37698.3358103218,103416.06240129,0.395480482985054,-0.729121554136694,-5.324829170218629E-002,0.388276591141625,0.446277121345653,0.138897654436347,-3.323406094173313E-003,-1.9642625207881,-0.935676678710235,-0.604187024393427,-0.332406268203513,-0.24138146817652,-0.410991897293326,-0.249061871466085,-0.419527209450063,-0.3619559689254,-0.424670018476084,-0.378610114482042,-0.276249093291815,-0.285738888437952,-0.211220015974992,30.,16.,24.,21.,30.,16.,13.,6.7 
 08/01  03:00:00,18.7,1.334608137736975E-002,97.,6.,0.0,26.2461363311007,23.4132960473023,25.3234003248135,26.7294767808148,26.8881840645855,26.3554361224549,22.2249239368008,16.5598292168055,22.4348753051534,25.637176291981,23.4854258712361,24.5010552266764,24.0000390479887,23.9999695058912,24.0000621229638,23.9999891346341,23.9999469194073,24.0000163859334,23.9999482923035,24.0000701001925,23.9999408304359,24.9397337890215,65846.7970450112,89017.7786005097,154864.575645521,1.288838658706,-0.622079842068965,0.570887434949081,0.418511312133539,0.518330453670429,1.04402858996538,0.964451688699077,-0.992011834268811,-0.666552271076259,-0.284596732929625,-8.448669161689455E-002,-0.242352126747316,-0.413387961345093,-0.250010844147179,-0.42256633645611,-0.360439889047464,-0.424930593491407,-0.377149732946759,-0.276722599993954,-0.286104036007348,-0.165512935257313,30.,16.,24.,21.,30.,16.,13.,6.7 
 08/01  03:15:00,18.475,1.291312743369420E-002,95.25,6.,0.0,25.3789447086622,23.0964351460526,24.3410243833483,26.6353740950446,26.6810706474796,25.4911318850514,22.8034662340483,16.9932226702103,21.9000580988372,25.5185205616872,22.8842816598359,23.8796678885186,23.9999687448951,23.999982843283,24.0001267726518,23.9999900736388,23.9999546841442,23.9999761547721,23.9999992779024,23.9999940212285,24.0000360655434,24.7628351785291,73051.2190691252,82342.6632493698,155393.882318495,0.632215496789569,-0.668850755969063,0.173495362962886,0.402193789924491,0.456603058088418,0.370306029183798,-0.235184545121084,-2.10983334913973,-0.853915010147867,-0.517513398073395,-0.210050007494573,-0.244338545262718,-0.417932613835371,-0.251889146837477,-0.426185915952491,-0.359328750087362,-0.425899085055086,-0.376109515370467,-0.278222680263561,-0.287515657301212,-0.183435934560711,30.,16.,24.,21.,30.,16.,13.,6.7 
 08/01  03:30:00,18.25,1.248987966307225E-002,93.5,6.,0.0,29.2514400085491,23.5998199514976,27.0744009486723,26.7746505858496,27.0185510542595,29.3490762109693,26.8323589937964,21.2255901187661,23.1061752984839,25.6274258453714,24.3325503061901,25.0199627537767,24.0000586285119,23.9999501894851,24.0000697225567,24.0000058192724,23.9998541616529,23.9999790249858,23.9999861523793,24.000095522768,23.9999817614134,24.9734656346093,73073.7291718506,36596.3943590978,109670.123530948,0.395630678387242,-0.733269031993258,-8.018429585526465E-002,0.384012673905579,0.410357471700309,0.141895881813558,-0.133506642545944,-2.02382142030437,-0.955678081351011,-0.651685117246252,-0.346743350955134,-0.246525772634306,-0.421486755812468,-0.253986332633244,-0.431045309397788,-0.358220424774052,-0.426947266762673,-0.375080344651362,-0.279928033632139,-0.289074894045341,-0.220064286205133,30.,16.,24.,21.,30.,16.,13.,6.7 
 08/01  03:45:00,18.025,1.207614962067026E-002,91.75,6.,0.0,26.243476695409,23.3863676346823,25.2570847353487,26.6991109989737,26.7655269400957,26.3560996714321,21.8765571473759,16.509197108419,22.3728277856854,25.578849382202,23.340890440562,24.453931753399,23.9999801461941,24.0000080749542,24.0000677717079,24.0000162450692,24.0000367201287,23.9999973151269,23.9999660954804,24.0000010250538,24.0000171542136,24.8935129910632,73190.3267517459,78192.7318057418,151383.058557488,1.28808712055079,-0.626744649466123,0.539840117073856,0.413609155967905,0.4818576218049,1.0459406287242,0.835374067474371,-1.07647316100683,-0.690010560042755,-0.337149846703533,-9.936702349442994E-002,-0.24846008983321,-0.425892922832437,-0.256971651566889,-0.434477591218801,-0.357204921089681,-0.428125024763371,-0.375350358496408,-0.281380612786952,-0.291519610662194,-0.174796673488175,30.,16.,24.,21.,30.,16.,13.,6.7 
 08/01  04:00:00,17.8,1.167175483119587E-002,90.,6.,0.0,25.3793345976628,23.0706724451764,24.2769271695176,26.6049180620763,26.5616129645948,25.4951661227355,22.5555081196565,16.8880226554789,21.8402857433844,25.4619214462199,22.7492392431374,23.8358721187863,24.0000089997329,23.9999813423068,24.0000225215682,24.0000091724068,24.0001004837764,23.9999797020541,23.9998833703325,23.9999967571283,24.0000069165572,24.7201120408431,73020.4999210413,72896.3222813113,145916.822202353,0.630686250474477,-0.673565468909861,0.143871384938676,0.396793434126349,0.420461936578682,0.370928111756913,-0.362570874437075,-2.15086069734681,-0.874786142145872,-0.569300533312496,-0.224747196303916,-0.250459827393873,-0.429193275197622,-0.258818619798334,-0.43773434464205,-0.357369510102748,-0.429381939512487,-0.374555685722819,-0.28292113431161,-0.2927667625607,-0.192924402707759,30.,16.,24.,21.,30.,16.,13.,6.7 
 08/01  04:15:00,17.8,1.157268048315619E-002,89.25,6.,0.0,29.282597637084,23.632462355808,27.0520308797081,26.7546484652034,26.9107369627085,29.3852643403055,26.6468704798729,21.028468169995,23.3630942890377,25.6208415394535,24.2568349420167,25.0425742869267,24.0000306750607,23.9999949450687,24.0000502640763,23.9999946763068,24.0001390455973,23.9999965333169,24.0000505177436,24.000138358126,24.0000244582799,24.9578812261256,100555.013480969,35925.2117738671,136480.225254836,0.399798285353806,-0.734658891642802,-0.102795107645834,0.379755324120918,0.376439885882338,0.148256448974484,-0.20416992592756,-2.07511521386194,-0.967543011065324,-0.694668523426918,-0.356469255192105,-0.249097752033218,-0.428335268892652,-0.2574940180692,-0.436811393056743,-0.352888059299461,-0.427027178327219,-0.370997169624082,-0.281154023766675,-0.291000523849381,-0.226489453412938,30.,16.,24.,21.,30.,16.,13.,6.7 
 08/01  04:30:00,17.8,1.147363711172747E-002,88.5,6.,0.0,26.2818775582857,23.4747872864281,25.2715455165676,26.6901104096143,26.6742490234986,26.3995913216177,21.8457348665848,16.4730893935092,22.8735692744882,25.6282928737455,23.3384689183281,24.5331769994069,24.0000620221374,24.0000223361736,24.0000213522129,23.9999830335092,24.0000148299338,24.0000137405157,23.9999922032574,23.9999617855509,24.000006346618,24.9083617450371,100684.554418131,75337.2732024054,176021.827620536,1.30086786858554,-0.615304462866794,0.530542270586996,0.41191658695988,0.45151391221878,1.06145522035549,0.796592633605168,-1.14609029505671,-0.630489402028035,-0.36358591110028,-9.271332156805517E-002,-0.249602004518951,-0.429438123564106,-0.25790488339671,-0.437867765934632,-0.351135083150399,-0.426704097616986,-0.369194265243107,-0.281127626641094,-0.290838104609483,-0.174199174166034,30.,16.,24.,21.,30.,16.,13.,6.7 
 08/01  04:45:00,17.8,1.137462470238424E-002,87.75,6.,0.0,25.427447642673,23.166064166243,24.310079153248,26.6033966141183,26.4845951737605,25.5503648354014,22.6390154297367,16.8079183704052,22.3284896763713,25.5443132584047,22.7716897537962,23.9289728699194,24.000011688566,23.9999964108612,24.0000116608357,24.0000047066552,23.9999789070061,23.9999975708906,24.0000959024193,24.0000225689294,24.0000148159111,24.7553587223984,100526.564413612,73226.1150336764,173752.679447288,0.646410083014708,-0.649990274913219,0.146458752063252,0.397708204474625,0.394525306088369,0.389564302650512,-0.354497479780446,-2.18191464632799,-0.749588671562976,-0.575451055616851,-0.203552076025697,-0.25047284319341,-0.429815638480891,-0.257531196894203,-0.438202515034829,-0.350762909800247,-0.428040806501983,-0.367486445535484,-0.280424890480481,-0.289901252551826,-0.184467713977104,30.,16.,24.,21.,30.,16.,13.,6.7 
 08/01  05:00:00,17.8,1.127564324061013E-002,87.,6.,0.0,29.3250487609804,23.6825358830231,27.0766942339911,26.7504951467524,26.8352332372637,29.4369852602584,26.7149530191404,20.866309954856,23.6212731063566,25.6797461739237,24.2495351674789,25.0972119922549,24.0000540169103,24.0000130101757,24.0000242264037,23.9999912158175,23.9999241196155,24.000036883415,24.0000514934356,24.0000032582335,23.9999833811157,24.9855519392645,83806.3712679488,36410.4244896148,120216.795757564,0.416387301068158,-0.712311749972594,-9.487393967762146E-002,0.381636794593229,0.353362406224902,0.168151911486396,-0.185342045921242,-2.11630141914229,-0.847504350951532,-0.695665658281835,-0.334623879890384,-0.247684646764324,-0.427595270468676,-0.25408353434748,-0.435270987980732,-0.348603475156262,-0.426806826205876,-0.36434692386407,-0.271472486053539,-0.28066710415119,-0.215159718150371,30.,16.,24.,21.,30.,16.,13.,6.7 
 08/01  05:15:00,17.925,1.146325027083881E-002,87.75,6.,0.0,26.5183289290393,23.5768348484081,25.1070980684449,26.6956915813645,26.6187050506467,26.6522139552104,23.0526902033671,16.4513334947933,23.5897579234695,25.7526890460802,23.3521059974407,24.5887308949261,24.0000206817108,24.0000204431192,23.9999698635282,24.0000659479255,24.000004655579,23.9999411503599,23.9999213787829,23.9999191097727,23.9999747862393,24.9598578969657,181533.738674859,78980.9634617287,260514.702136588,1.3396323827723,-0.596167222723757,0.543388389176021,0.416534125106152,0.433562987229077,1.10522818213793,1.00437808662232,-1.20391985088203,-0.542460118500586,-0.358421786223727,-7.077026638267973E-002,-0.232023599413242,-0.411169062787882,-0.238275208849434,-0.418443375150321,-0.336355621937525,-0.411585419559357,-0.350087422714422,-0.25237957207977,-0.260188065219733,-0.159106677263799,30.,16.,24.,21.,30.,16.,13.,6.7 
 08/01  05:30:00,18.05,1.165307888116627E-002,88.5,6.,0.0,25.5444615848113,23.3100037598195,23.983467681068,26.6267608565464,26.4628941018267,25.6919693374676,24.8049952929348,16.7323194325518,23.3118773114551,25.7626717941688,22.8283037396805,24.0020440279261,23.9999441673784,24.0000066317987,23.9999044679994,23.9999945446867,23.9999585721294,23.9999595391716,24.0000683086347,24.0000165971514,23.9999571527476,24.8417250278817,181474.967223916,80589.9533464911,262064.920570407,0.712134647391057,-0.620434422160144,0.107328843946318,0.405538897217825,0.384004911252449,0.466750647573624,0.173812044959025,-2.20500240921963,-0.542459801477891,-0.561354591903455,-0.18035732695917,-0.226167056205908,-0.403199355785066,-0.232406680009487,-0.411214941534326,-0.332508127347191,-0.406536609593766,-0.345659552384053,-0.242839140107472,-0.250700816188633,-0.161737541801628,30.,16.,24.,21.,30.,16.,13.,6.7 
 08/01  05:45:00,18.175,1.184515140987901E-002,89.25,6.,0.0,29.4256351335225,23.8478481360943,26.5453339926047,26.7900855085044,26.8460474369345,29.5824430495394,30.3995771097088,20.7216272925702,24.8663369382237,25.9604498449404,24.3650005670842,25.1944448729021,23.999948884352,23.9999970151619,23.9999702583221,23.9999461399629,23.9999930518054,23.999982873063,23.9999870987447,23.9999445211427,23.9997752046956,25.0996921129646,181503.936333023,39576.9761896344,221080.912522657,0.448108800812162,-0.672759332258801,-0.174842391240558,0.39429468624622,0.352808401767429,0.222305629845414,0.637421728702099,-2.14955649131113,-0.576437519227764,-0.666944680035139,-0.307732207195208,-0.217227855246957,-0.393228938571726,-0.223068188669518,-0.399568045312374,-0.326976328140056,-0.400390763839351,-0.339561893036239,-0.214830152431907,-0.222685330607863,-0.182772396334171,30.,16.,24.,21.,30.,16.,13.,6.7 
 08/01  06:00:00,18.3,1.203949041590090E-002,90.,6.,0.0,26.6174943645881,23.6965908385,24.9534778248655,26.7420978707327,26.6431271068281,26.7858014288525,25.7415803597095,16.4335435879851,24.4113410253147,25.9909531751629,23.4797779084251,24.6797093866106,23.9999178661143,24.0000040302656,24.0000793566181,24.0000288525848,23.9999538571327,23.9999159599117,23.999887448562,24.0000793706146,23.9999205521306,25.0745575480172,181548.162375423,90412.3504317722,271960.512807195,1.33945951178246,-0.561196014886608,0.402559020294904,0.43151106110879,0.439559082615357,1.13428287458092,2.09255588594907,-1.25160867900101,-0.219547298506746,-0.321048249728184,-4.748809265929501E-002,-0.206827217132877,-0.381894129195026,-0.2115551317918,-0.386307843271736,-0.322495727199212,-0.394147637783631,-0.334506714287582,-0.179488227281033,-0.186474959027963,-0.125215449504052,30.,16.,24.,21.,30.,16.,13.,6.7 
 08/01  06:15:00,18.725,1.226576406696943E-002,89.25,6.,0.0,25.3256648299115,23.3703897366401,23.4598914368522,26.6726506754467,26.5007920464507,25.5246888774545,26.3752648259449,16.6589326303313,23.6873096868709,25.9679041030299,22.8853716322267,23.9924877578148,24.000201523321,23.9999939282207,24.0000946549426,24.0000632263151,24.0001800665622,24.0000104704747,23.9999892695259,24.0001136404305,23.9999846532322,24.9324907472858,238683.237741842,91900.2465630764,330583.484304918,0.723655370123913,-0.591730145249578,4.922394395899397E-002,0.424494693953106,0.395903376219821,0.510171593414658,1.18231902198695,-2.22468107042692,-0.301615374230331,-0.513482552659194,-0.157156151361275,-0.189536181413583,-0.36335865309538,-0.193529585574666,-0.367673977206491,-0.310993989981746,-0.379565300590866,-0.323207507293954,-0.139534177440651,-0.145931142539782,-0.126070348908436,30.,16.,24.,21.,30.,16.,13.,6.7 
 08/01  06:30:00,19.15,1.249435707226832E-002,88.5,6.,0.0,25.1155586895873,23.2984461242123,23.1712329462018,26.6932266731005,26.5092731025059,25.3350837354526,26.5217747179913,16.4984141686025,23.584324296336,26.0204647886708,22.8662348646612,23.8752606767575,24.0010169745886,23.9996875382497,23.9992179928748,24.0005836892532,23.9992073103772,23.9998467436878,24.0007888795851,23.9998702486139,23.9987158276594,24.9152024641323,238699.616429038,94503.5244192975,333203.140848335,0.390286643795102,-0.65755858926058,-0.316073055097544,0.413986477579573,0.36891743470159,0.198762304191638,1.17617849254087,-2.1823555773072,-0.440758490876287,-0.631784020547868,-0.308278279466223,-0.177854298456829,-0.349138726426907,-0.181329026946121,-0.352852741484851,-0.30598059115232,-0.371714937325477,-0.317623036692366,-0.102642859500709,-0.108353832233534,-0.152733254589298,30.,16.,24.,21.,30.,16.,13.,6.7 
 08/01  06:45:00,19.575,1.272523023448769E-002,87.75,6.,0.0,25.0835070193464,23.2951442515924,23.0960936059833,26.7134011547377,26.5068279893124,25.3104039405991,26.6585210010099,16.4606786917242,23.5901124090733,26.0479409147037,22.8882426889367,23.8533681055168,24.0006351291893,24.0002936426186,23.9998345142873,23.9996214812044,24.0003321824691,24.000363197114,23.9994771104281,24.0011873756069,23.9982639150947,24.9236732875065,238716.00554339,97007.1564185629,335723.161961953,0.270209105945553,-0.67592091233905,-0.440502900834072,0.419115150300391,0.367686956896742,0.121514962206592,1.2332452188454,-2.23707854706632,-0.460414171593833,-0.646499572600316,-0.350922646262153,-0.166364787082578,-0.336618579782496,-0.170224646442301,-0.339900714792131,-0.3021116175899,-0.367992055611305,-0.312166920810684,-8.414534838553102E-002,-8.977791126908663E-002,-0.157006596119427,30.,16.,24.,21.,30.,16.,13.,6.7 
 08/01  07:00:00,20.,1.295834146267411E-002,87.,6.,0.0,25.0468219779495,23.296303346375,23.0674303769023,26.7290080194339,26.5018147141732,25.2793366768772,26.7645662492913,16.4008846502728,23.6037520450209,26.0693510390707,22.9128714550806,23.8430248236906,24.0007658299681,23.9998191900716,23.9992742878854,24.0001482905563,24.0014141022202,24.0009496998793,23.9992980077261,24.001029931832,23.9990044710134,24.9325411951252,238732.400827683,99433.4078208881,338165.808648571,0.242087283025879,-0.679493024391499,-0.479717509263893,0.42395371137397,0.365395363879548,0.109176088705177,1.27600139255976,-2.25954005404248,-0.458338330621785,-0.64269810455454,-0.366035609048998,-0.160754598205815,-0.325097210740401,-0.165073002016348,-0.329115548117134,-0.297948011321364,-0.364873538165832,-0.308942995101695,-7.525630927119385E-002,-8.158656596080856E-002,-0.155788797179004,30.,16.,24.,21.,30.,16.,13.,6.7 
