Time,BASEMENT::Des Heat Load [W],BASEMENT:CHICAGO ANN CLG .4% CONDNS WB=>MDB:Des Sens Cool Load [W],BASEMENT::Des Heat Mass Flow [kg/s],BASEMENT:CHICAGO ANN CLG .4% CONDNS WB=>MDB:Des Cool Mass Flow [kg/s],CORE_BOTTOM::Des Heat Load [W],CORE_BOTTOM:CHICAGO ANN CLG .4% CONDNS WB=>MDB:Des Sens Cool Load [W],CORE_BOTTOM::Des Heat Mass Flow [kg/s],CORE_BOTTOM:CHICAGO ANN CLG .4% CONDNS WB=>MDB:Des Cool Mass Flow [kg/s],CORE_MID::Des Heat Load [W],CORE_MID:CHICAGO ANN CLG .4% CONDNS WB=>MDB:Des Sens Cool Load [W],CORE_MID::Des Heat Mass Flow [kg/s],CORE_MID:CHICAGO ANN CLG .4% CONDNS WB=>MDB:Des Cool Mass Flow [kg/s],CORE_TOP:CHICAGO ANN HTG 99.6% CONDNS DB:Des Heat Load [W],CORE_TOP:CHICAGO ANN CLG .4% CONDNS WB=>MDB:Des Sens Cool Load [W],CORE_TOP:CHICAGO ANN HTG 99.6% CONDNS DB:Des Heat Mass Flow [kg/s],CORE_TOP:CHICAGO ANN CLG .4% CONDNS WB=>MDB:Des Cool Mass Flow [kg/s],PERIMETER_BOT_ZN_1:CHICAGO ANN HTG 99.6% CONDNS DB:Des Heat Load [W],PERIMETER_BOT_ZN_1:CHICAGO ANN CLG .4% CONDNS WB=>MDB:Des Sens Cool Load [W],PERIMETER_BOT_ZN_1:CHICAGO ANN HTG 99.6% CONDNS DB:Des Heat Mass Flow [kg/s],PERIMETER_BOT_ZN_1:CHICAGO ANN CLG .4% CONDNS WB=>MDB:Des Cool Mass Flow [kg/s],PERIMETER_BOT_ZN_2:CHICAGO ANN HTG 99.6% CONDNS DB:Des Heat Load [W],PERIMETER_BOT_ZN_2:CHICAGO ANN CLG .4% CONDNS WB=>MDB:Des Sens Cool Load [W],PERIMETER_BOT_ZN_2:CHICAGO ANN HTG 99.6% CONDNS DB:Des Heat Mass Flow [kg/s],PERIMETER_BOT_ZN_2:CHICAGO ANN CLG .4% CONDNS WB=>MDB:Des Cool Mass Flow [kg/s],PERIMETER_BOT_ZN_3:CHICAGO ANN HTG 99.6% CONDNS DB:Des Heat Load [W],PERIMETER_BOT_ZN_3:CHICAGO ANN CLG .4% CONDNS WB=>MDB:Des Sens Cool Load [W],PERIMETER_BOT_ZN_3:CHICAGO ANN HTG 99.6% CONDNS DB:Des Heat Mass Flow [kg/s],PERIMETER_BOT_ZN_3:CHICAGO ANN CLG .4% CONDNS WB=>MDB:Des Cool Mass Flow [kg/s],PERIMETER_BOT_ZN_4:CHICAGO ANN HTG 99.6% CONDNS DB:Des Heat Load [W],PERIMETER_BOT_ZN_4:CHICAGO ANN CLG .4% CONDNS WB=>MDB:Des Sens Cool Load [W],PERIMETER_BOT_ZN_4:CHICAGO ANN HTG 99.6% CONDNS DB:Des Heat Mass Flow [kg/s],PERIMETER_BOT_ZN_4:CHICAGO ANN CLG .4% CONDNS WB=>MDB:Des Cool Mass Flow [kg/s],PERIMETER_MID_ZN_1:CHICAGO ANN HTG 99.6% CONDNS DB:Des Heat Load [W],PERIMETER_MID_ZN_1:CHICAGO ANN CLG .4% CONDNS WB=>MDB:Des Sens Cool Load [W],PERIMETER_MID_ZN_1:CHICAGO ANN HTG 99.6% CONDNS DB:Des Heat Mass Flow [kg/s],PERIMETER_MID_ZN_1:CHICAGO ANN CLG .4% CONDNS WB=>MDB:Des Cool Mass Flow [kg/s],PERIMETER_MID_ZN_2:CHICAGO ANN HTG 99.6% CONDNS DB:Des Heat Load [W],PERIMETER_MID_ZN_2:CHICAGO ANN CLG .4% CONDNS WB=>MDB:Des Sens Cool Load [W],PERIMETER_MID_ZN_2:CHICAGO ANN HTG 99.6% CONDNS DB:Des Heat Mass Flow [kg/s],PERIMETER_MID_ZN_2:CHICAGO ANN CLG .4% CONDNS WB=>MDB:Des Cool Mass Flow [kg/s],PERIMETER_MID_ZN_3:CHICAGO ANN HTG 99.6% CONDNS DB:Des Heat Load [W],PERIMETER_MID_ZN_3:CHICAGO ANN CLG .4% CONDNS WB=>MDB:Des Sens Cool Load [W],PERIMETER_MID_ZN_3:CHICAGO ANN HTG 99.6% CONDNS DB:Des Heat Mass Flow [kg/s],PERIMETER_MID_ZN_3:CHICAGO ANN CLG .4% CONDNS WB=>MDB:Des Cool Mass Flow [kg/s],PERIMETER_MID_ZN_4:CHICAGO ANN HTG 99.6% CONDNS DB:Des Heat Load [W],PERIMETER_MID_ZN_4:CHICAGO ANN CLG .4% CONDNS WB=>MDB:Des Sens Cool Load [W],PERIMETER_MID_ZN_4:CHICAGO ANN HTG 99.6% CONDNS DB:Des Heat Mass Flow [kg/s],PERIMETER_MID_ZN_4:CHICAGO ANN CLG .4% CONDNS WB=>MDB:Des Cool Mass Flow [kg/s],PERIMETER_TOP_ZN_1:CHICAGO ANN HTG 99.6% CONDNS DB:Des Heat Load [W],PERIMETER_TOP_ZN_1:CHICAGO ANN CLG .4% CONDNS WB=>MDB:Des Sens Cool Load [W],PERIMETER_TOP_ZN_1:CHICAGO ANN HTG 99.6% CONDNS DB:Des Heat Mass Flow [kg/s],PERIMETER_TOP_ZN_1:CHICAGO ANN CLG .4% CONDNS WB=>MDB:Des Cool Mass Flow [kg/s],PERIMETER_TOP_ZN_2:CHICAGO ANN HTG 99.6% CONDNS DB:Des Heat Load [W],PERIMETER_TOP_ZN_2:CHICAGO ANN CLG .4% CONDNS WB=>MDB:Des Sens Cool Load [W],PERIMETER_TOP_ZN_2:CHICAGO ANN HTG 99.6% CONDNS DB:Des Heat Mass Flow [kg/s],PERIMETER_TOP_ZN_2:CHICAGO ANN CLG .4% CONDNS WB=>MDB:Des Cool Mass Flow [kg/s],PERIMETER_TOP_ZN_3:CHICAGO ANN HTG 99.6% CONDNS DB:Des Heat Load [W],PERIMETER_TOP_ZN_3:CHICAGO ANN CLG .4% CONDNS WB=>MDB:Des Sens Cool Load [W],PERIMETER_TOP_ZN_3:CHICAGO ANN HTG 99.6% CONDNS DB:Des Heat Mass Flow [kg/s],PERIMETER_TOP_ZN_3:CHICAGO ANN CLG .4% CONDNS WB=>MDB:Des Cool Mass Flow [kg/s],PERIMETER_TOP_ZN_4:CHICAGO ANN HTG 99.6% CONDNS DB:Des Heat Load [W],PERIMETER_TOP_ZN_4:CHICAGO ANN CLG .4% CONDNS WB=>MDB:Des Sens Cool Load [W],PERIMETER_TOP_ZN_4:CHICAGO ANN HTG 99.6% CONDNS DB:Des Heat Mass Flow [kg/s],PERIMETER_TOP_ZN_4:CHICAGO ANN CLG .4% CONDNS WB=>MDB:Des Cool Mass Flow [kg/s] 
00:15:00,0.000000E+00,3.967711E+04,0.000000E+00,3.471119E+00,0.000000E+00,4.763471E+04,0.000000E+00,4.167293E+00,0.000000E+00,4.962196E+05,0.000000E+00,4.341136E+01,4.544839E+04,5.412220E+04,1.536891E+00,4.734803E+00,1.244405E+04,6.310890E+03,4.206741E-01,5.522876E-01,8.355639E+03,4.244526E+03,2.824629E-01,3.714554E-01,1.219157E+04,5.984962E+03,4.121387E-01,5.237652E-01,8.337434E+03,4.819147E+03,2.818475E-01,4.217408E-01,1.424812E+05,6.466242E+04,4.816652E+00,5.658818E+00,9.394656E+04,4.333110E+04,3.175894E+00,3.792069E+00,1.410416E+05,6.171914E+04,4.767985E+00,5.401250E+00,9.579671E+04,5.085885E+04,3.238441E+00,4.450810E+00,2.246092E+04,6.915783E+03,7.593283E-01,6.052186E-01,1.462485E+04,4.622397E+03,4.944138E-01,4.045210E-01,2.237242E+04,6.648550E+03,7.563358E-01,5.818331E-01,1.488004E+04,5.345769E+03,5.030413E-01,4.678218E-01 
00:30:00,0.000000E+00,3.958545E+04,0.000000E+00,3.463063E+00,0.000000E+00,4.749627E+04,0.000000E+00,4.155125E+00,0.000000E+00,4.946147E+05,0.000000E+00,4.327039E+01,4.560846E+04,5.356252E+04,1.542304E+00,4.685785E+00,1.243524E+04,6.228167E+03,4.203764E-01,5.450485E-01,8.349954E+03,4.184835E+03,2.822707E-01,3.662319E-01,1.218263E+04,5.909677E+03,4.118366E-01,5.171770E-01,8.331751E+03,4.744116E+03,2.816553E-01,4.151748E-01,1.423670E+05,6.369948E+04,4.812791E+00,5.574555E+00,9.387359E+04,4.265245E+04,3.173427E+00,3.732683E+00,1.409267E+05,6.082983E+04,4.764102E+00,5.323430E+00,9.572374E+04,4.983416E+04,3.235974E+00,4.361141E+00,2.248124E+04,6.769985E+03,7.600153E-01,5.924600E-01,1.463801E+04,4.522500E+03,4.948590E-01,3.957791E-01,2.239284E+04,6.510624E+03,7.570261E-01,5.697633E-01,1.489320E+04,5.210452E+03,5.034860E-01,4.559803E-01 
00:45:00,0.000000E+00,3.949481E+04,0.000000E+00,3.455107E+00,0.000000E+00,4.736148E+04,0.000000E+00,4.143294E+00,0.000000E+00,4.930548E+05,0.000000E+00,4.313353E+01,4.575936E+04,5.301673E+04,1.547407E+00,4.638003E+00,1.242645E+04,6.146937E+03,4.200791E-01,5.379376E-01,8.344280E+03,4.126241E+03,2.820788E-01,3.611025E-01,1.217371E+04,5.835763E+03,4.115350E-01,5.107066E-01,8.326077E+03,4.670583E+03,2.814635E-01,4.087379E-01,1.422528E+05,6.275294E+04,4.808931E+00,5.491698E+00,9.380065E+04,4.198605E+04,3.170960E+00,3.674348E+00,1.408119E+05,5.995766E+04,4.760220E+00,5.247080E+00,9.565080E+04,4.884814E+04,3.233507E+00,4.274836E+00,2.250028E+04,6.627452E+03,7.606588E-01,5.799842E-01,1.465035E+04,4.424873E+03,4.952760E-01,3.872338E-01,2.241196E+04,6.375313E+03,7.576727E-01,5.579195E-01,1.490552E+04,5.080037E+03,5.039025E-01,4.445657E-01 
01:00:00,0.000000E+00,3.940499E+04,0.000000E+00,3.447227E+00,0.000000E+00,4.722928E+04,0.000000E+00,4.131701E+00,0.000000E+00,4.915309E+05,0.000000E+00,4.299995E+01,4.590230E+04,5.248422E+04,1.552241E+00,4.591394E+00,1.241768E+04,6.067143E+03,4.197826E-01,5.309511E-01,8.338620E+03,4.068750E+03,2.818875E-01,3.560689E-01,1.216481E+04,5.763135E+03,4.112343E-01,5.043475E-01,8.320419E+03,4.598132E+03,2.812722E-01,4.023946E-01,1.421388E+05,6.182409E+04,4.805076E+00,5.410375E+00,9.372780E+04,4.133295E+04,3.168497E+00,3.617168E+00,1.406973E+05,5.910273E+04,4.756344E+00,5.172229E+00,9.557795E+04,4.789552E+04,3.231044E+00,4.191444E+00,2.251818E+04,6.487624E+03,7.612643E-01,5.677437E-01,1.466195E+04,4.329184E+03,4.956682E-01,3.788571E-01,2.242995E+04,6.242879E+03,7.582809E-01,5.463262E-01,1.491710E+04,4.953993E+03,5.042942E-01,4.335327E-01 
01:15:00,0.000000E+00,3.931585E+04,0.000000E+00,3.439412E+00,0.000000E+00,4.709900E+04,0.000000E+00,4.120284E+00,0.000000E+00,4.900363E+05,0.000000E+00,4.286900E+01,4.603800E+04,5.196337E+04,1.556830E+00,4.545812E+00,1.240893E+04,5.990431E+03,4.194870E-01,5.242339E-01,8.332978E+03,4.013473E+03,2.816967E-01,3.512287E-01,1.215595E+04,5.693430E+03,4.109345E-01,4.982438E-01,8.314778E+03,4.528087E+03,2.810815E-01,3.962616E-01,1.420250E+05,6.093065E+04,4.801227E+00,5.332147E+00,9.365506E+04,4.070480E+04,3.166038E+00,3.562168E+00,1.405828E+05,5.828203E+04,4.752473E+00,5.100369E+00,9.550521E+04,4.698138E+04,3.228585E+00,4.111413E+00,2.253507E+04,6.352547E+03,7.618353E-01,5.559185E-01,1.467288E+04,4.236755E+03,4.960379E-01,3.707655E-01,2.244691E+04,6.115031E+03,7.588543E-01,5.351339E-01,1.492802E+04,4.832782E+03,5.046635E-01,4.229223E-01 
01:30:00,0.000000E+00,3.922729E+04,0.000000E+00,3.431651E+00,0.000000E+00,4.697024E+04,0.000000E+00,4.109004E+00,0.000000E+00,4.885665E+05,0.000000E+00,4.274025E+01,4.616706E+04,5.145339E+04,1.561194E+00,4.501184E+00,1.240022E+04,5.916921E+03,4.191923E-01,5.177967E-01,8.327354E+03,3.960491E+03,2.815066E-01,3.465892E-01,1.214711E+04,5.626764E+03,4.106356E-01,4.924058E-01,8.309155E+03,4.460599E+03,2.808914E-01,3.903523E-01,1.419113E+05,6.007463E+04,4.797385E+00,5.257192E+00,9.358245E+04,4.010272E+04,3.163583E+00,3.509450E+00,1.404686E+05,5.749705E+04,4.748610E+00,5.031635E+00,9.543260E+04,4.610754E+04,3.226130E+00,4.034908E+00,2.255103E+04,6.222351E+03,7.623747E-01,5.445206E-01,1.468321E+04,4.147708E+03,4.963871E-01,3.629698E-01,2.246293E+04,5.991929E+03,7.593960E-01,5.243570E-01,1.493834E+04,4.716354E+03,5.050122E-01,4.127300E-01 
01:45:00,0.000000E+00,3.918310E+04,0.000000E+00,3.427774E+00,0.000000E+00,4.691876E+04,0.000000E+00,4.104487E+00,0.000000E+00,4.878893E+05,0.000000E+00,4.268089E+01,4.628997E+04,5.101479E+04,1.565350E+00,4.462804E+00,1.240204E+04,5.855078E+03,4.192538E-01,5.123808E-01,8.328522E+03,3.915233E+03,2.815461E-01,3.426259E-01,1.214893E+04,5.571596E+03,4.106973E-01,4.875742E-01,8.310322E+03,4.401167E+03,2.809308E-01,3.851482E-01,1.419329E+05,5.934115E+04,4.798115E+00,5.192963E+00,9.359629E+04,3.958135E+04,3.164051E+00,3.463796E+00,1.404902E+05,5.683289E+04,4.749342E+00,4.973474E+00,9.544644E+04,4.532869E+04,3.226598E+00,3.966719E+00,2.256612E+04,6.103766E+03,7.628852E-01,5.341390E-01,1.469298E+04,4.066323E+03,4.967174E-01,3.558450E-01,2.247809E+04,5.880225E+03,7.599086E-01,5.145777E-01,1.494809E+04,4.609082E+03,5.053420E-01,4.033393E-01 
02:00:00,0.000000E+00,3.914025E+04,0.000000E+00,3.424016E+00,0.000000E+00,4.687069E+04,0.000000E+00,4.100270E+00,0.000000E+00,4.872542E+05,0.000000E+00,4.262521E+01,4.640877E+04,5.058903E+04,1.569368E+00,4.425547E+00,1.240386E+04,5.795937E+03,4.193156E-01,5.072016E-01,8.329696E+03,3.871922E+03,2.815858E-01,3.388332E-01,1.215077E+04,5.518963E+03,4.107593E-01,4.829647E-01,8.311496E+03,4.344013E+03,2.809705E-01,3.801439E-01,1.419547E+05,5.863978E+04,4.798850E+00,5.131549E+00,9.361022E+04,3.908240E+04,3.164522E+00,3.420107E+00,1.405120E+05,5.619898E+04,4.750079E+00,4.917964E+00,9.546037E+04,4.458575E+04,3.227069E+00,3.901677E+00,2.258061E+04,5.989650E+03,7.633750E-01,5.241491E-01,1.470235E+04,3.987972E+03,4.970343E-01,3.489860E-01,2.249264E+04,5.772745E+03,7.604003E-01,5.051686E-01,1.495745E+04,4.506248E+03,5.056584E-01,3.943376E-01 
02:15:00,0.000000E+00,3.909810E+04,0.000000E+00,3.420322E+00,0.000000E+00,4.682426E+04,0.000000E+00,4.096201E+00,0.000000E+00,4.866424E+05,0.000000E+00,4.257162E+01,4.652330E+04,5.017412E+04,1.573241E+00,4.389244E+00,1.240570E+04,5.740174E+03,4.193776E-01,5.023186E-01,8.330874E+03,3.831009E+03,2.816256E-01,3.352506E-01,1.215261E+04,5.469547E+03,4.108216E-01,4.786372E-01,8.312674E+03,4.289597E+03,2.810103E-01,3.753795E-01,1.419765E+05,5.797754E+04,4.799588E+00,5.073564E+00,9.362421E+04,3.861051E+04,3.164995E+00,3.378790E+00,1.405339E+05,5.560230E+04,4.750819E+00,4.865718E+00,9.547436E+04,4.388267E+04,3.227542E+00,3.840127E+00,2.259450E+04,5.880670E+03,7.638447E-01,5.146091E-01,1.471134E+04,3.913112E+03,4.973380E-01,3.424328E-01,2.250658E+04,5.670178E+03,7.608717E-01,4.961900E-01,1.496642E+04,4.408237E+03,5.059616E-01,3.857584E-01 
02:30:00,0.000000E+00,3.905663E+04,0.000000E+00,3.416689E+00,0.000000E+00,4.677911E+04,0.000000E+00,4.092246E+00,0.000000E+00,4.860503E+05,0.000000E+00,4.251977E+01,4.663331E+04,4.976871E+04,1.576961E+00,4.353774E+00,1.240753E+04,5.687807E+03,4.194396E-01,4.977331E-01,8.332052E+03,3.792498E+03,2.816654E-01,3.318786E-01,1.215445E+04,5.423370E+03,4.108838E-01,4.745936E-01,8.313852E+03,4.237931E+03,2.810502E-01,3.708562E-01,1.419983E+05,5.735480E+04,4.800326E+00,5.019040E+00,9.363821E+04,3.816581E+04,3.165468E+00,3.339856E+00,1.405558E+05,5.504315E+04,4.751560E+00,4.816760E+00,9.548837E+04,4.321887E+04,3.228016E+00,3.782018E+00,2.260778E+04,5.776758E+03,7.642935E-01,5.055133E-01,1.471992E+04,3.841694E+03,4.976281E-01,3.361813E-01,2.251990E+04,5.572457E+03,7.613222E-01,4.876359E-01,1.497499E+04,4.314927E+03,5.062513E-01,3.775910E-01 
02:45:00,0.000000E+00,3.901578E+04,0.000000E+00,3.413112E+00,0.000000E+00,4.673509E+04,0.000000E+00,4.088392E+00,0.000000E+00,4.854758E+05,0.000000E+00,4.246949E+01,4.673891E+04,4.937321E+04,1.580532E+00,4.319174E+00,1.240936E+04,5.637149E+03,4.195015E-01,4.932976E-01,8.333229E+03,3.755259E+03,2.817052E-01,3.286182E-01,1.215629E+04,5.378746E+03,4.109460E-01,4.706862E-01,8.315029E+03,4.187898E+03,2.810899E-01,3.664761E-01,1.420202E+05,5.675421E+04,4.801065E+00,4.966459E+00,9.365220E+04,3.773673E+04,3.165942E+00,3.302291E+00,1.405777E+05,5.450423E+04,4.752301E+00,4.769576E+00,9.550236E+04,4.258212E+04,3.228489E+00,3.726279E+00,2.262046E+04,5.676202E+03,7.647223E-01,4.967115E-01,1.472811E+04,3.772574E+03,4.979052E-01,3.301312E-01,2.253263E+04,5.477874E+03,7.617525E-01,4.793569E-01,1.498316E+04,4.225106E+03,5.065279E-01,3.697293E-01 
03:00:00,0.000000E+00,3.897555E+04,0.000000E+00,3.409590E+00,0.000000E+00,4.669205E+04,0.000000E+00,4.084625E+00,0.000000E+00,4.849172E+05,0.000000E+00,4.242060E+01,4.684028E+04,4.898757E+04,1.583960E+00,4.285436E+00,1.241119E+04,5.588070E+03,4.195632E-01,4.890006E-01,8.334402E+03,3.719199E+03,2.817449E-01,3.254612E-01,1.215812E+04,5.335550E+03,4.110080E-01,4.669040E-01,8.316202E+03,4.139404E+03,2.811296E-01,3.622309E-01,1.420420E+05,5.617386E+04,4.801802E+00,4.915652E+00,9.366617E+04,3.732207E+04,3.166414E+00,3.265990E+00,1.405996E+05,5.398388E+04,4.753040E+00,4.724020E+00,9.551633E+04,4.197039E+04,3.228961E+00,3.672734E+00,2.263257E+04,5.578798E+03,7.651317E-01,4.881858E-01,1.473593E+04,3.705629E+03,4.981696E-01,3.242716E-01,2.254478E+04,5.386260E+03,7.621634E-01,4.713379E-01,1.499097E+04,4.138560E+03,5.067919E-01,3.621545E-01 
03:15:00,0.000000E+00,3.893592E+04,0.000000E+00,3.406121E+00,0.000000E+00,4.664983E+04,0.000000E+00,4.080931E+00,0.000000E+00,4.843730E+05,0.000000E+00,4.237299E+01,4.693761E+04,4.861136E+04,1.587251E+00,4.252525E+00,1.241301E+04,5.540530E+03,4.196248E-01,4.848385E-01,8.335572E+03,3.684285E+03,2.817844E-01,3.224046E-01,1.215995E+04,5.293747E+03,4.110698E-01,4.632439E-01,8.317372E+03,4.092415E+03,2.811692E-01,3.581175E-01,1.420638E+05,5.561319E+04,4.802538E+00,4.866569E+00,9.368012E+04,3.692143E+04,3.166885E+00,3.230918E+00,1.406214E+05,5.348160E+04,4.753779E+00,4.680047E+00,9.553028E+04,4.138263E+04,3.229433E+00,3.621286E+00,2.264413E+04,5.484455E+03,7.655227E-01,4.799283E-01,1.474340E+04,3.640798E+03,4.984221E-01,3.185971E-01,2.255639E+04,5.297533E+03,7.625558E-01,4.635719E-01,1.499843E+04,4.055155E+03,5.070439E-01,3.548546E-01 
03:30:00,0.000000E+00,3.889688E+04,0.000000E+00,3.402704E+00,0.000000E+00,4.660830E+04,0.000000E+00,4.077297E+00,0.000000E+00,4.838424E+05,0.000000E+00,4.232656E+01,4.703107E+04,4.824426E+04,1.590412E+00,4.220410E+00,1.241482E+04,5.494496E+03,4.196861E-01,4.808083E-01,8.336738E+03,3.650490E+03,2.818239E-01,3.194461E-01,1.216177E+04,5.253309E+03,4.111315E-01,4.597035E-01,8.318538E+03,4.046900E+03,2.812086E-01,3.541334E-01,1.420855E+05,5.507169E+04,4.803273E+00,4.819166E+00,9.369403E+04,3.653443E+04,3.167356E+00,3.197041E+00,1.406432E+05,5.299694E+04,4.754516E+00,4.637618E+00,9.554420E+04,4.081785E+04,3.229903E+00,3.571852E+00,2.265518E+04,5.393093E+03,7.658962E-01,4.719318E-01,1.475053E+04,3.578025E+03,4.986633E-01,3.131029E-01,2.256748E+04,5.211622E+03,7.629306E-01,4.560524E-01,1.500555E+04,3.974772E+03,5.072846E-01,3.478194E-01 
03:45:00,0.000000E+00,3.885841E+04,0.000000E+00,3.399338E+00,0.000000E+00,4.656737E+04,0.000000E+00,4.073716E+00,0.000000E+00,4.833241E+05,0.000000E+00,4.228122E+01,4.712085E+04,4.788599E+04,1.593448E+00,4.189069E+00,1.241663E+04,5.449081E+03,4.197472E-01,4.768325E-01,8.337900E+03,3.617217E+03,2.818631E-01,3.165333E-01,1.216359E+04,5.213353E+03,4.111929E-01,4.562055E-01,8.319699E+03,4.002261E+03,2.812479E-01,3.502259E-01,1.421072E+05,5.454001E+04,4.804005E+00,4.772624E+00,9.370791E+04,3.615485E+04,3.167825E+00,3.163814E+00,1.406650E+05,5.252065E+04,4.755251E+00,4.595923E+00,9.555808E+04,4.026923E+04,3.230373E+00,3.523832E+00,2.266574E+04,5.303747E+03,7.662531E-01,4.641119E-01,1.475735E+04,3.516666E+03,4.988936E-01,3.077325E-01,2.257807E+04,5.127572E+03,7.632888E-01,4.486960E-01,1.501235E+04,3.896703E+03,5.075144E-01,3.409868E-01 
04:00:00,0.000000E+00,3.882050E+04,0.000000E+00,3.396021E+00,0.000000E+00,4.652692E+04,0.000000E+00,4.070177E+00,0.000000E+00,4.828170E+05,0.000000E+00,4.223685E+01,4.720710E+04,4.753618E+04,1.596364E+00,4.158467E+00,1.241843E+04,5.404194E+03,4.198081E-01,4.729029E-01,8.339057E+03,3.584400E+03,2.819023E-01,3.136605E-01,1.216540E+04,5.173796E+03,4.112541E-01,4.527423E-01,8.320856E+03,3.958424E+03,2.812870E-01,3.463888E-01,1.421288E+05,5.401678E+04,4.804736E+00,4.726822E+00,9.372175E+04,3.578180E+04,3.168293E+00,3.131158E+00,1.406867E+05,5.205152E+04,4.755984E+00,4.554856E+00,9.557193E+04,3.973525E+04,3.230841E+00,3.477095E+00,2.267583E+04,5.216233E+03,7.665942E-01,4.564525E-01,1.476385E+04,3.456606E+03,4.991136E-01,3.024759E-01,2.258819E+04,5.045220E+03,7.636310E-01,4.414883E-01,1.501884E+04,3.820765E+03,5.077340E-01,3.343408E-01 
04:15:00,0.000000E+00,3.878316E+04,0.000000E+00,3.392754E+00,0.000000E+00,4.648688E+04,0.000000E+00,4.066674E+00,0.000000E+00,4.823202E+05,0.000000E+00,4.219339E+01,4.729000E+04,4.719442E+04,1.599167E+00,4.128569E+00,1.242022E+04,5.360677E+03,4.198687E-01,4.690934E-01,8.340210E+03,3.552597E+03,2.819412E-01,3.108765E-01,1.216720E+04,5.135484E+03,4.113151E-01,4.493883E-01,8.322009E+03,3.915940E+03,2.813259E-01,3.426701E-01,1.421503E+05,5.351049E+04,4.805465E+00,4.682504E+00,9.373556E+04,3.542087E+04,3.168760E+00,3.099564E+00,1.407083E+05,5.159804E+04,4.756716E+00,4.515159E+00,9.558574E+04,3.922108E+04,3.231308E+00,3.432091E+00,2.268547E+04,5.131367E+03,7.669202E-01,4.490249E-01,1.477007E+04,3.398382E+03,4.993239E-01,2.973801E-01,2.259787E+04,4.965384E+03,7.639582E-01,4.345008E-01,1.502505E+04,3.747450E+03,5.079439E-01,3.279243E-01 
04:30:00,0.000000E+00,3.874637E+04,0.000000E+00,3.389535E+00,0.000000E+00,4.644723E+04,0.000000E+00,4.063205E+00,0.000000E+00,4.818333E+05,0.000000E+00,4.215079E+01,4.736968E+04,4.686058E+04,1.601862E+00,4.099365E+00,1.242201E+04,5.318569E+03,4.199291E-01,4.654072E-01,8.341358E+03,3.521830E+03,2.819801E-01,3.081832E-01,1.216900E+04,5.098461E+03,4.113758E-01,4.461471E-01,8.323157E+03,3.874826E+03,2.813648E-01,3.390713E-01,1.421718E+05,5.302161E+04,4.806192E+00,4.639709E+00,9.374934E+04,3.507229E+04,3.169226E+00,3.069052E+00,1.407299E+05,5.116061E+04,4.757445E+00,4.476867E+00,9.559952E+04,3.872656E+04,3.231773E+00,3.388807E+00,2.269469E+04,5.049186E+03,7.672320E-01,4.418323E-01,1.477602E+04,3.342009E+03,4.995249E-01,2.924462E-01,2.260712E+04,4.888088E+03,7.642710E-01,4.277357E-01,1.503098E+04,3.676730E+03,5.081445E-01,3.217351E-01 
04:45:00,0.000000E+00,3.871013E+04,0.000000E+00,3.386364E+00,0.000000E+00,4.640811E+04,0.000000E+00,4.059783E+00,0.000000E+00,4.813572E+05,0.000000E+00,4.210914E+01,4.744480E+04,4.653591E+04,1.604402E+00,4.070963E+00,1.242374E+04,5.277908E+03,4.199876E-01,4.618478E-01,8.342470E+03,3.492137E+03,2.820177E-01,3.055839E-01,1.217074E+04,5.062771E+03,4.114346E-01,4.430227E-01,8.324269E+03,3.835104E+03,2.814024E-01,3.355944E-01,1.421927E+05,5.255041E+04,4.806898E+00,4.598463E+00,9.376270E+04,3.473634E+04,3.169677E+00,3.039645E+00,1.407508E+05,5.073954E+04,4.758153E+00,4.440008E+00,9.561288E+04,3.825150E+04,3.232225E+00,3.347228E+00,2.270335E+04,4.969820E+03,7.675248E-01,4.348861E-01,1.478160E+04,3.287579E+03,4.997137E-01,2.876824E-01,2.261581E+04,4.813467E+03,7.645648E-01,4.212048E-01,1.503655E+04,3.608656E+03,5.083328E-01,3.157774E-01 
05:00:00,0.000000E+00,3.867443E+04,0.000000E+00,3.383241E+00,0.000000E+00,4.637403E+04,0.000000E+00,4.056802E+00,0.000000E+00,4.809364E+05,0.000000E+00,4.207233E+01,4.751594E+04,4.622323E+04,1.606808E+00,4.043609E+00,1.242542E+04,5.243693E+03,4.200445E-01,4.588525E-01,8.343551E+03,3.516918E+03,2.820542E-01,3.077515E-01,1.217243E+04,5.048252E+03,4.114918E-01,4.417509E-01,8.325350E+03,3.800148E+03,2.814389E-01,3.325347E-01,1.422130E+05,5.214476E+04,4.807585E+00,4.562953E+00,9.377570E+04,3.492764E+04,3.170117E+00,3.056376E+00,1.407712E+05,5.053080E+04,4.758842E+00,4.421729E+00,9.562588E+04,3.782801E+04,3.232665E+00,3.310162E+00,2.271150E+04,4.897851E+03,7.678005E-01,4.285873E-01,1.478686E+04,3.285434E+03,4.998913E-01,2.874939E-01,2.262399E+04,4.760632E+03,7.648414E-01,4.165803E-01,1.504179E+04,3.546301E+03,5.085101E-01,3.103202E-01 
05:15:00,0.000000E+00,3.863929E+04,0.000000E+00,3.380167E+00,0.000000E+00,4.636256E+04,0.000000E+00,4.055798E+00,0.000000E+00,4.807463E+05,0.000000E+00,4.205571E+01,4.758374E+04,4.593932E+04,1.609101E+00,4.018773E+00,1.242707E+04,5.233781E+03,4.201002E-01,4.579840E-01,8.344612E+03,3.730769E+03,2.820901E-01,3.264656E-01,1.217409E+04,5.090234E+03,4.115479E-01,4.454239E-01,8.326411E+03,3.781760E+03,2.814748E-01,3.309249E-01,1.422330E+05,5.197751E+04,4.808259E+00,4.548308E+00,9.378846E+04,3.693182E+04,3.170549E+00,3.231761E+00,1.407912E+05,5.089682E+04,4.759519E+00,4.453751E+00,9.563865E+04,3.757000E+04,3.233096E+00,3.287577E+00,2.271922E+04,4.849970E+03,7.680615E-01,4.243965E-01,1.479183E+04,3.459606E+03,5.000595E-01,3.027358E-01,2.263174E+04,4.765065E+03,7.651033E-01,4.169676E-01,1.504675E+04,3.500663E+03,5.086778E-01,3.063259E-01 
05:30:00,0.000000E+00,3.860492E+04,0.000000E+00,3.377160E+00,0.000000E+00,4.639525E+04,0.000000E+00,4.058658E+00,0.000000E+00,4.810027E+05,0.000000E+00,4.207813E+01,4.764853E+04,4.570756E+04,1.611291E+00,3.998499E+00,1.242870E+04,5.260611E+03,4.201552E-01,4.603312E-01,8.345656E+03,4.231518E+03,2.821254E-01,3.702913E-01,1.217573E+04,5.196260E+03,4.116032E-01,4.547021E-01,8.327455E+03,3.787510E+03,2.815101E-01,3.314276E-01,1.422526E+05,5.217208E+04,4.808924E+00,4.565328E+00,9.380105E+04,4.171053E+04,3.170974E+00,3.649995E+00,1.408109E+05,5.192384E+04,4.760185E+00,4.543625E+00,9.565123E+04,3.755239E+04,3.233522E+00,3.286032E+00,2.272655E+04,4.838649E+03,7.683092E-01,4.234054E-01,1.479655E+04,3.905097E+03,5.002190E-01,3.417257E-01,2.263909E+04,4.835307E+03,7.653518E-01,4.231147E-01,1.505146E+04,3.479324E+03,5.088369E-01,3.044584E-01 
05:45:00,0.000000E+00,3.857179E+04,0.000000E+00,3.374262E+00,0.000000E+00,4.648381E+04,0.000000E+00,4.066406E+00,0.000000E+00,4.818228E+05,0.000000E+00,4.214987E+01,4.771051E+04,4.554188E+04,1.613387E+00,3.984005E+00,1.243030E+04,5.326245E+03,4.202094E-01,4.660748E-01,8.346687E+03,5.026921E+03,2.821602E-01,4.399086E-01,1.217734E+04,5.345057E+03,4.116577E-01,4.677239E-01,8.328486E+03,3.817175E+03,2.815449E-01,3.340236E-01,1.422721E+05,5.275082E+04,4.809581E+00,4.615973E+00,9.381347E+04,4.936672E+04,3.171394E+00,4.320099E+00,1.408304E+05,5.340033E+04,4.760844E+00,4.672840E+00,9.566366E+04,3.777401E+04,3.233942E+00,3.305426E+00,2.273351E+04,4.865940E+03,7.685446E-01,4.257939E-01,1.480103E+04,4.633410E+03,5.003706E-01,4.054720E-01,2.264608E+04,4.951239E+03,7.655881E-01,4.332609E-01,1.505593E+04,3.482077E+03,5.089881E-01,3.046995E-01 
06:00:00,0.000000E+00,3.854059E+04,0.000000E+00,3.371532E+00,0.000000E+00,4.662685E+04,0.000000E+00,4.078918E+00,0.000000E+00,4.831940E+05,0.000000E+00,4.226983E+01,4.776986E+04,4.544284E+04,1.615394E+00,3.975341E+00,1.243189E+04,5.430071E+03,4.202630E-01,4.751611E-01,8.347706E+03,6.105946E+03,2.821947E-01,5.343471E-01,1.217893E+04,5.522236E+03,4.117117E-01,4.832295E-01,8.329504E+03,3.868788E+03,2.815794E-01,3.385406E-01,1.422913E+05,5.371035E+04,4.810230E+00,4.699947E+00,9.382577E+04,5.982059E+04,3.171810E+00,5.235045E+00,1.408497E+05,5.517752E+04,4.761495E+00,4.828368E+00,9.567595E+04,3.821704E+04,3.234358E+00,3.344199E+00,2.274014E+04,4.931899E+03,7.687687E-01,4.315667E-01,1.480530E+04,5.637438E+03,5.005147E-01,4.933483E-01,2.265272E+04,5.097919E+03,7.658128E-01,4.460979E-01,1.506019E+04,3.507414E+03,5.091320E-01,3.069172E-01 
06:15:00,0.000000E+00,3.933029E+04,0.000000E+00,3.440615E+00,0.000000E+00,4.802404E+04,0.000000E+00,4.201145E+00,0.000000E+00,4.971270E+05,0.000000E+00,4.348869E+01,4.782821E+04,4.660968E+04,1.617368E+00,4.077416E+00,1.200397E+04,5.749704E+03,4.058091E-01,5.031312E-01,8.062378E+03,7.555811E+03,2.725572E-01,6.612280E-01,1.175102E+04,5.910915E+03,3.972575E-01,5.172410E-01,8.044176E+03,4.056933E+03,2.719418E-01,3.550044E-01,1.380004E+05,5.684437E+04,4.665308E+00,4.974195E+00,9.096444E+04,7.398775E+04,3.075171E+00,6.474850E+00,1.365588E+05,5.909909E+04,4.616572E+00,5.171529E+00,9.281467E+04,4.003887E+04,3.137722E+00,3.503621E+00,2.231363E+04,5.217305E+03,7.543691E-01,4.565421E-01,1.452078E+04,7.010385E+03,4.909091E-01,6.135000E-01,2.222624E+04,5.460867E+03,7.514140E-01,4.778583E-01,1.477566E+04,3.672035E+03,4.995262E-01,3.213229E-01 
06:30:00,0.000000E+00,4.014109E+04,0.000000E+00,3.511554E+00,0.000000E+00,4.949685E+04,0.000000E+00,4.330017E+00,0.000000E+00,5.118344E+05,0.000000E+00,4.477561E+01,4.760838E+04,4.788582E+04,1.609934E+00,4.189082E+00,1.157121E+04,6.107419E+03,3.911935E-01,5.344311E-01,7.773983E+03,9.173731E+03,2.628176E-01,8.027984E-01,1.131851E+04,6.325470E+03,3.826502E-01,5.535139E-01,7.755778E+03,4.266424E+03,2.622021E-01,3.733343E-01,1.336661E+05,6.037111E+04,4.518947E+00,5.282784E+00,8.807511E+04,8.989279E+04,2.977604E+00,7.866568E+00,1.322255E+05,6.330085E+04,4.470242E+00,5.539177E+00,8.992542E+04,4.208440E+04,3.040160E+00,3.682600E+00,2.184809E+04,5.545190E+03,7.386548E-01,4.852325E-01,1.421115E+04,8.557764E+03,4.804575E-01,7.488997E-01,2.176082E+04,5.855105E+03,7.357039E-01,5.123544E-01,1.446599E+04,3.861229E+03,4.890735E-01,3.378772E-01 
06:45:00,0.000000E+00,4.096184E+04,0.000000E+00,3.583381E+00,0.000000E+00,5.098036E+04,0.000000E+00,4.459873E+00,0.000000E+00,5.266722E+05,0.000000E+00,4.607444E+01,4.708931E+04,4.921806E+04,1.592381E+00,4.305700E+00,1.113681E+04,6.477389E+03,3.765170E-01,5.668108E-01,7.484621E+03,1.078200E+04,2.530415E-01,9.435266E-01,1.088460E+04,6.720256E+03,3.679898E-01,5.880641E-01,7.466411E+03,4.480917E+03,2.524259E-01,3.921066E-01,1.293195E+05,6.404510E+04,4.372105E+00,5.604331E+00,8.517800E+04,1.058670E+05,2.879733E+00,9.264364E+00,1.278805E+05,6.732420E+04,4.323454E+00,5.891286E+00,8.702835E+04,4.419964E+04,2.942292E+00,3.867725E+00,2.134285E+04,5.893123E+03,7.215911E-01,5.156845E-01,1.387590E+04,1.011903E+04,4.691350E-01,8.855170E-01,2.125553E+04,6.238208E+03,7.186385E-01,5.458831E-01,1.413070E+04,4.061004E+03,4.777499E-01,3.553620E-01 
07:00:00,0.000000E+00,4.179274E+04,0.000000E+00,3.656116E+00,0.000000E+00,5.243553E+04,0.000000E+00,4.587298E+00,0.000000E+00,5.412612E+05,0.000000E+00,4.735201E+01,4.635680E+04,5.056538E+04,1.567610E+00,4.423685E+00,1.070036E+04,6.843202E+03,3.617736E-01,5.988269E-01,7.193979E+03,1.224362E+04,2.432238E-01,1.071413E+00,1.044870E+04,7.080072E+03,3.532648E-01,6.195535E-01,7.175764E+03,4.691853E+03,2.426079E-01,4.105674E-01,1.249545E+05,6.770116E+04,4.224669E+00,5.924309E+00,8.226909E+04,1.206102E+05,2.781481E+00,1.055435E+01,1.235170E+05,7.100383E+04,4.176070E+00,6.213312E+00,8.411953E+04,4.629265E+04,2.844045E+00,4.050903E+00,2.080804E+04,6.244944E+03,7.035318E-01,5.464766E-01,1.352153E+04,1.156582E+04,4.571689E-01,1.012109E+00,2.072037E+04,6.590430E+03,7.005673E-01,5.767090E-01,1.377630E+04,4.262256E+03,4.657830E-01,3.729759E-01 
07:15:00,0.000000E+00,4.263368E+04,0.000000E+00,3.729746E+00,0.000000E+00,5.383615E+04,0.000000E+00,4.709984E+00,0.000000E+00,5.553461E+05,0.000000E+00,4.858580E+01,4.546003E+04,5.189775E+04,1.537285E+00,4.540395E+00,1.026284E+04,7.204876E+03,3.469922E-01,6.304791E-01,6.902647E+03,1.352003E+04,2.333818E-01,1.183083E+00,1.001174E+04,7.417039E+03,3.385023E-01,6.490417E-01,6.884427E+03,4.901660E+03,2.327657E-01,4.289284E-01,1.205786E+05,7.134381E+04,4.076855E+00,6.243101E+00,7.935321E+04,1.337659E+05,2.682985E+00,1.170533E+01,1.191427E+05,7.447397E+04,4.028303E+00,6.516988E+00,8.120371E+04,4.839448E+04,2.745553E+00,4.234846E+00,2.025039E+04,6.599146E+03,6.846992E-01,5.774760E-01,1.315240E+04,1.286166E+04,4.447029E-01,1.125481E+00,2.016211E+04,6.926059E+03,6.817140E-01,6.060812E-01,1.340713E+04,4.466673E+03,4.533162E-01,3.908661E-01 
07:30:00,0.000000E+00,4.348451E+04,0.000000E+00,3.804252E+00,0.000000E+00,5.517758E+04,0.000000E+00,4.827511E+00,0.000000E+00,5.688822E+05,0.000000E+00,4.977179E+01,4.442809E+04,5.320849E+04,1.502389E+00,4.655231E+00,9.824564E+03,7.562294E+03,3.321864E-01,6.617576E-01,6.610836E+03,1.456751E+04,2.235241E-01,1.274714E+00,9.574032E+03,7.736305E+03,3.237153E-01,6.769803E-01,6.592611E+03,5.112685E+03,2.229078E-01,4.473953E-01,1.161950E+05,7.497495E+04,3.928787E+00,6.560874E+00,7.643232E+04,1.449131E+05,2.584325E+00,1.268049E+01,1.147604E+05,7.779982E+04,3.880277E+00,6.808029E+00,7.828285E+04,5.052939E+04,2.646897E+00,4.421675E+00,1.967398E+04,6.956193E+03,6.652332E-01,6.087232E-01,1.277113E+04,1.396420E+04,4.318274E-01,1.221932E+00,1.958487E+04,7.252279E+03,6.622202E-01,6.346292E-01,1.302583E+04,4.676961E+03,4.404397E-01,4.092693E-01 
07:45:00,0.000000E+00,4.352678E+04,0.000000E+00,3.808033E+00,0.000000E+00,5.526386E+04,0.000000E+00,4.835248E+00,0.000000E+00,5.698975E+05,0.000000E+00,4.986256E+01,4.327872E+04,5.330162E+04,1.463521E+00,4.663562E+00,9.815156E+03,7.749031E+03,3.318674E-01,6.781009E-01,6.604968E+03,1.525032E+04,2.233252E-01,1.334442E+00,9.565197E+03,7.871255E+03,3.234156E-01,6.887914E-01,6.586737E+03,5.214429E+03,2.227088E-01,4.563000E-01,1.161149E+05,7.690797E+04,3.926075E+00,6.730055E+00,7.638079E+04,1.526887E+05,2.582582E+00,1.336068E+01,1.146815E+05,7.929288E+04,3.877608E+00,6.938703E+00,7.823130E+04,5.158062E+04,2.645154E+00,4.513680E+00,1.951430E+04,7.145705E+03,6.598370E-01,6.253103E-01,1.266804E+04,1.473600E+04,4.283436E-01,1.289447E+00,1.942421E+04,7.398372E+03,6.567904E-01,6.474160E-01,1.292270E+04,4.780451E+03,4.369546E-01,4.183274E-01 
08:00:00,0.000000E+00,4.356071E+04,0.000000E+00,3.811080E+00,0.000000E+00,5.527586E+04,0.000000E+00,4.836464E+00,0.000000E+00,5.702021E+05,0.000000E+00,4.989089E+01,4.230225E+04,5.333883E+04,1.430501E+00,4.666978E+00,9.810040E+03,7.948617E+03,3.316917E-01,6.955718E-01,6.601806E+03,1.570827E+04,2.232165E-01,1.374509E+00,9.560398E+03,7.991135E+03,3.232505E-01,6.992871E-01,6.583574E+03,5.316148E+03,2.226000E-01,4.652047E-01,1.160722E+05,7.897710E+04,3.924605E+00,6.911176E+00,7.635341E+04,1.584791E+05,2.581639E+00,1.386731E+01,1.146391E+05,8.065135E+04,3.876147E+00,7.057633E+00,7.820387E+04,5.264808E+04,2.644209E+00,4.607127E+00,1.937918E+04,7.349955E+03,6.552664E-01,6.431896E-01,1.258070E+04,1.531398E+04,4.253893E-01,1.340016E+00,1.928785E+04,7.533321E+03,6.521781E-01,6.592304E-01,1.283535E+04,4.886764E+03,4.340000E-01,4.276342E-01 
08:15:00,0.000000E+00,4.359765E+04,0.000000E+00,3.814378E+00,0.000000E+00,5.526556E+04,0.000000E+00,4.835685E+00,0.000000E+00,5.703082E+05,0.000000E+00,4.990143E+01,4.153051E+04,5.336281E+04,1.404403E+00,4.669197E+00,9.806036E+03,8.167179E+03,3.315596E-01,7.146963E-01,6.599278E+03,1.597730E+04,2.231333E-01,1.398041E+00,9.556483E+03,8.106725E+03,3.231214E-01,7.094005E-01,6.581045E+03,5.421578E+03,2.225168E-01,4.744296E-01,1.160362E+05,8.125010E+04,3.923430E+00,7.110069E+00,7.633021E+04,1.625968E+05,2.580882E+00,1.422753E+01,1.146027E+05,8.197520E+04,3.874958E+00,7.173464E+00,7.818064E+04,5.376610E+04,2.643452E+00,4.704954E+00,1.927084E+04,7.574936E+03,6.516086E-01,6.628763E-01,1.251062E+04,1.572791E+04,4.230234E-01,1.376227E+00,1.917833E+04,7.664772E+03,6.484804E-01,6.707319E-01,1.276526E+04,4.998567E+03,4.316338E-01,4.374172E-01 
08:30:00,0.000000E+00,4.363731E+04,0.000000E+00,3.817895E+00,0.000000E+00,5.525260E+04,0.000000E+00,4.834627E+00,0.000000E+00,5.703992E+05,0.000000E+00,4.991015E+01,4.088857E+04,5.339564E+04,1.382695E+00,4.672146E+00,9.803605E+03,8.397631E+03,3.314786E-01,7.348612E-01,6.597723E+03,1.608450E+04,2.230816E-01,1.407415E+00,9.554069E+03,8.225311E+03,3.230409E-01,7.197764E-01,6.579490E+03,5.531184E+03,2.224651E-01,4.840203E-01,1.160135E+05,8.368356E+04,3.922676E+00,7.323007E+00,7.631545E+04,1.652424E+05,2.580393E+00,1.445896E+01,1.145796E+05,8.334040E+04,3.874190E+00,7.292913E+00,7.816582E+04,5.494801E+04,2.642961E+00,4.808374E+00,1.918067E+04,7.817006E+03,6.485613E-01,6.840587E-01,1.245228E+04,1.599775E+04,4.210517E-01,1.399831E+00,1.908718E+04,7.804005E+03,6.454000E-01,6.829144E-01,1.270691E+04,5.117281E+03,4.296616E-01,4.478051E-01 
08:45:00,0.000000E+00,4.367937E+04,0.000000E+00,3.821609E+00,0.000000E+00,5.525207E+04,0.000000E+00,4.834625E+00,0.000000E+00,5.706173E+05,0.000000E+00,4.992967E+01,4.033415E+04,5.345679E+04,1.363947E+00,4.677542E+00,9.801803E+03,8.626494E+03,3.314205E-01,7.548885E-01,6.596571E+03,1.604343E+04,2.230445E-01,1.403819E+00,9.552274E+03,8.354695E+03,3.229830E-01,7.310987E-01,6.578338E+03,5.641721E+03,2.224280E-01,4.936932E-01,1.159965E+05,8.616007E+04,3.922135E+00,7.539720E+00,7.630447E+04,1.664724E+05,2.580042E+00,1.456655E+01,1.145623E+05,8.481145E+04,3.873639E+00,7.421642E+00,7.815479E+04,5.615417E+04,2.642609E+00,4.913923E+00,1.910299E+04,8.067686E+03,6.459371E-01,7.059952E-01,1.240200E+04,1.612928E+04,4.193531E-01,1.411337E+00,1.900869E+04,7.955994E+03,6.427484E-01,6.962145E-01,1.265661E+04,5.240736E+03,4.279626E-01,4.586084E-01 
09:00:00,0.000000E+00,4.372324E+04,0.000000E+00,3.825472E+00,0.000000E+00,5.526965E+04,0.000000E+00,4.836189E+00,0.000000E+00,5.710144E+05,0.000000E+00,4.996467E+01,3.984407E+04,5.355500E+04,1.347375E+00,4.686163E+00,9.800321E+03,8.849441E+03,3.313727E-01,7.743985E-01,6.595625E+03,1.588440E+04,2.230140E-01,1.389903E+00,9.550801E+03,8.503486E+03,3.229354E-01,7.441203E-01,6.577392E+03,5.752330E+03,2.223975E-01,5.033730E-01,1.159826E+05,8.864571E+04,3.921687E+00,7.757237E+00,7.629543E+04,1.665190E+05,2.579752E+00,1.457062E+01,1.145482E+05,8.646647E+04,3.873185E+00,7.566481E+00,7.814573E+04,5.737376E+04,2.642318E+00,5.020652E+00,1.903457E+04,8.323757E+03,6.436253E-01,7.284038E-01,1.235770E+04,1.614581E+04,4.178561E-01,1.412781E+00,1.893960E+04,8.128396E+03,6.404138E-01,7.113021E-01,1.261230E+04,5.367583E+03,4.264653E-01,4.697090E-01 
09:15:00,0.000000E+00,4.376829E+04,0.000000E+00,3.829430E+00,0.000000E+00,5.530050E+04,0.000000E+00,4.838903E+00,0.000000E+00,5.715395E+05,0.000000E+00,5.001076E+01,3.940611E+04,5.368791E+04,1.332564E+00,4.697809E+00,9.799091E+03,9.053534E+03,3.313328E-01,7.922586E-01,6.594840E+03,1.560819E+04,2.229886E-01,1.365734E+00,9.549583E+03,8.658835E+03,3.228959E-01,7.577162E-01,6.576608E+03,5.861422E+03,2.223721E-01,5.129201E-01,1.159711E+05,9.101833E+04,3.921314E+00,7.964864E+00,7.628794E+04,1.653315E+05,2.579509E+00,1.446671E+01,1.145366E+05,8.818549E+04,3.872808E+00,7.716923E+00,7.813822E+04,5.858906E+04,2.642075E+00,5.127006E+00,1.897369E+04,8.573774E+03,6.415676E-01,7.502827E-01,1.231826E+04,1.604280E+04,4.165231E-01,1.403768E+00,1.887815E+04,8.310155E+03,6.383368E-01,7.272088E-01,1.257286E+04,5.496197E+03,4.251322E-01,4.809644E-01 
09:30:00,0.000000E+00,4.381392E+04,0.000000E+00,3.833434E+00,0.000000E+00,5.533649E+04,0.000000E+00,4.842062E+00,0.000000E+00,5.721110E+05,0.000000E+00,5.006085E+01,3.901162E+04,5.385038E+04,1.319224E+00,4.712036E+00,9.798054E+03,9.233160E+03,3.312989E-01,8.079772E-01,6.594180E+03,1.519667E+04,2.229670E-01,1.329726E+00,9.548560E+03,8.813121E+03,3.228625E-01,7.712188E-01,6.575948E+03,5.968804E+03,2.223505E-01,5.223173E-01,1.159613E+05,9.323696E+04,3.920996E+00,8.159011E+00,7.628160E+04,1.626840E+05,2.579302E+00,1.423504E+01,1.145268E+05,8.989854E+04,3.872488E+00,7.866841E+00,7.813188E+04,5.979653E+04,2.641867E+00,5.232674E+00,1.891911E+04,8.814179E+03,6.397222E-01,7.713200E-01,1.228288E+04,1.579841E+04,4.153271E-01,1.382382E+00,1.882307E+04,8.494811E+03,6.364748E-01,7.433688E-01,1.253749E+04,5.626379E+03,4.239363E-01,4.923567E-01 
09:45:00,0.000000E+00,4.385963E+04,0.000000E+00,3.837442E+00,0.000000E+00,5.537162E+04,0.000000E+00,4.845141E+00,0.000000E+00,5.726690E+05,0.000000E+00,5.010973E+01,3.865366E+04,5.403784E+04,1.307119E+00,4.728446E+00,9.797161E+03,9.398604E+03,3.312696E-01,8.224542E-01,6.593613E+03,1.462812E+04,2.229484E-01,1.279977E+00,9.547683E+03,8.963325E+03,3.228338E-01,7.843634E-01,6.575381E+03,6.073600E+03,2.223319E-01,5.314880E-01,1.159529E+05,9.538809E+04,3.920719E+00,8.347245E+00,7.627613E+04,1.583340E+05,2.579122E+00,1.385440E+01,1.145184E+05,9.157675E+04,3.872210E+00,8.013702E+00,7.812640E+04,6.098512E+04,2.641687E+00,5.336685E+00,1.886982E+04,9.053082E+03,6.380557E-01,7.922253E-01,1.225093E+04,1.538901E+04,4.142468E-01,1.346559E+00,1.877336E+04,8.679688E+03,6.347940E-01,7.595476E-01,1.250554E+04,5.757112E+03,4.228561E-01,5.037969E-01 
10:00:00,0.000000E+00,4.390496E+04,0.000000E+00,3.841414E+00,0.000000E+00,5.540242E+04,0.000000E+00,4.847839E+00,0.000000E+00,5.731792E+05,0.000000E+00,5.015440E+01,3.832500E+04,5.424774E+04,1.296005E+00,4.746816E+00,9.796374E+03,9.569068E+03,3.312436E-01,8.373700E-01,6.593115E+03,1.389715E+04,2.229320E-01,1.216015E+00,9.546913E+03,9.108617E+03,3.228084E-01,7.970775E-01,6.574882E+03,6.175581E+03,2.223154E-01,5.404118E-01,1.159455E+05,9.763952E+04,3.920472E+00,8.544250E+00,7.627127E+04,1.522120E+05,2.578961E+00,1.331870E+01,1.145109E+05,9.321186E+04,3.871963E+00,8.156784E+00,7.812154E+04,6.215084E+04,2.641526E+00,5.438692E+00,1.882482E+04,9.306275E+03,6.365343E-01,8.143805E-01,1.222175E+04,1.480766E+04,4.132603E-01,1.295688E+00,1.872799E+04,8.864083E+03,6.332601E-01,7.756834E-01,1.247637E+04,5.888054E+03,4.218698E-01,5.152551E-01 
10:15:00,0.000000E+00,4.394947E+04,0.000000E+00,3.845313E+00,0.000000E+00,5.542727E+04,0.000000E+00,4.850015E+00,0.000000E+00,5.736249E+05,0.000000E+00,5.019341E+01,3.802203E+04,5.447893E+04,1.285760E+00,4.767048E+00,9.795668E+03,9.760890E+03,3.312202E-01,8.541549E-01,6.592667E+03,1.302532E+04,2.229171E-01,1.139727E+00,9.546222E+03,9.247110E+03,3.227855E-01,8.091960E-01,6.574434E+03,6.273633E+03,2.223006E-01,5.489915E-01,1.159387E+05,1.001329E+05,3.920247E+00,8.762430E+00,7.626687E+04,1.445114E+05,2.578815E+00,1.264487E+01,1.145041E+05,9.478352E+04,3.871739E+00,8.294308E+00,7.811714E+04,6.328061E+04,2.641379E+00,5.537548E+00,1.878356E+04,9.587040E+03,6.351392E-01,8.389484E-01,1.219500E+04,1.407379E+04,4.123556E-01,1.231471E+00,1.868641E+04,9.046039E+03,6.318541E-01,7.916051E-01,1.244962E+04,6.017924E+03,4.209654E-01,5.266191E-01 
10:30:00,0.000000E+00,4.399273E+04,0.000000E+00,3.849101E+00,0.000000E+00,5.544595E+04,0.000000E+00,4.851650E+00,0.000000E+00,5.740028E+05,0.000000E+00,5.022648E+01,3.774182E+04,5.473066E+04,1.276284E+00,4.789076E+00,9.795023E+03,9.984074E+03,3.311987E-01,8.736844E-01,6.592259E+03,1.206985E+04,2.229035E-01,1.056121E+00,9.545593E+03,9.378401E+03,3.227646E-01,8.206838E-01,6.574026E+03,6.367480E+03,2.222870E-01,5.572030E-01,1.159325E+05,1.029560E+05,3.920039E+00,9.009462E+00,7.626282E+04,1.357576E+05,2.578679E+00,1.187889E+01,1.144979E+05,9.628643E+04,3.871531E+00,8.425811E+00,7.811309E+04,6.437039E+04,2.641244E+00,5.632904E+00,1.874559E+04,9.903601E+03,6.338554E-01,8.666488E-01,1.217038E+04,1.323814E+04,4.115231E-01,1.158349E+00,1.864816E+04,9.225051E+03,6.305608E-01,8.072689E-01,1.242501E+04,6.146327E+03,4.201330E-01,5.378545E-01 
10:45:00,0.000000E+00,4.403434E+04,0.000000E+00,3.852744E+00,0.000000E+00,5.545957E+04,0.000000E+00,4.852842E+00,0.000000E+00,5.743225E+05,0.000000E+00,5.025445E+01,3.748157E+04,5.500324E+04,1.267484E+00,4.812928E+00,9.794425E+03,1.024311E+04,3.311787E-01,8.963515E-01,6.591880E+03,1.112625E+04,2.228908E-01,9.735549E-01,9.545010E+03,9.498169E+03,3.227451E-01,8.311632E-01,6.573647E+03,6.454005E+03,2.222743E-01,5.647737E-01,1.159267E+05,1.061538E+05,3.919844E+00,9.289285E+00,7.625902E+04,1.268682E+05,2.578552E+00,1.110105E+01,1.144921E+05,9.767808E+04,3.871336E+00,8.547577E+00,7.810929E+04,6.539033E+04,2.641117E+00,5.722146E+00,1.871051E+04,1.026023E+04,6.326692E-01,8.978557E-01,1.214763E+04,1.239022E+04,4.107538E-01,1.084154E+00,1.861283E+04,9.396996E+03,6.293662E-01,8.223139E-01,1.240226E+04,6.270381E+03,4.193641E-01,5.487091E-01 
11:00:00,0.000000E+00,4.407396E+04,0.000000E+00,3.856211E+00,0.000000E+00,5.547027E+04,0.000000E+00,4.853778E+00,0.000000E+00,5.746030E+05,0.000000E+00,5.027899E+01,3.724031E+04,5.529730E+04,1.259325E+00,4.838659E+00,9.793865E+03,1.053294E+04,3.311600E-01,9.217134E-01,6.591526E+03,1.027486E+04,2.228790E-01,8.990589E-01,9.544465E+03,9.610223E+03,3.227269E-01,8.409673E-01,6.573293E+03,6.535438E+03,2.222624E-01,5.718987E-01,1.159212E+05,1.096708E+05,3.919660E+00,9.597037E+00,7.625545E+04,1.186232E+05,2.578432E+00,1.037961E+01,1.144866E+05,9.899407E+04,3.871153E+00,8.662720E+00,7.810572E+04,6.636067E+04,2.640996E+00,5.807047E+00,1.867815E+04,1.065139E+04,6.315748E-01,9.320838E-01,1.212663E+04,1.160607E+04,4.100440E-01,1.015541E+00,1.858025E+04,9.565203E+03,6.282642E-01,8.370316E-01,1.238128E+04,6.391945E+03,4.186546E-01,5.593457E-01 
11:15:00,0.000000E+00,4.411136E+04,0.000000E+00,3.859484E+00,0.000000E+00,5.548060E+04,0.000000E+00,4.854682E+00,0.000000E+00,5.748676E+05,0.000000E+00,5.030214E+01,3.701547E+04,5.561503E+04,1.251722E+00,4.866461E+00,9.793335E+03,1.083959E+04,3.311422E-01,9.485467E-01,6.591191E+03,9.584293E+03,2.228677E-01,8.386360E-01,9.543950E+03,9.713873E+03,3.227096E-01,8.500361E-01,6.572957E+03,6.610923E+03,2.222512E-01,5.785033E-01,1.159160E+05,1.133663E+05,3.919484E+00,9.920400E+00,7.625204E+04,1.116919E+05,2.578317E+00,9.773138E+00,1.144814E+05,1.002225E+05,3.870977E+00,8.770196E+00,7.810231E+04,6.726713E+04,2.640882E+00,5.886357E+00,1.864815E+04,1.106317E+04,6.305603E-01,9.681162E-01,1.210718E+04,1.095103E+04,4.093861E-01,9.582266E-01,1.855005E+04,9.728073E+03,6.272431E-01,8.512823E-01,1.236184E+04,6.509471E+03,4.179970E-01,5.696289E-01 
11:30:00,0.000000E+00,4.414644E+04,0.000000E+00,3.862555E+00,0.000000E+00,5.549285E+04,0.000000E+00,4.855754E+00,0.000000E+00,5.751374E+05,0.000000E+00,5.032575E+01,3.680485E+04,5.595810E+04,1.244600E+00,4.896480E+00,9.792828E+03,1.114893E+04,3.311251E-01,9.756144E-01,6.590870E+03,9.082465E+03,2.228569E-01,7.947300E-01,9.543456E+03,9.809629E+03,3.226930E-01,8.584141E-01,6.572636E+03,6.680365E+03,2.222404E-01,5.845791E-01,1.159109E+05,1.171021E+05,3.919314E+00,1.024729E+01,7.624876E+04,1.063719E+05,2.578207E+00,9.307676E+00,1.144764E+05,1.013675E+05,3.870808E+00,8.870378E+00,7.809902E+04,6.810900E+04,2.640771E+00,5.960016E+00,1.862021E+04,1.148201E+04,6.296156E-01,1.004765E+00,1.208906E+04,1.045477E+04,4.087734E-01,9.148074E-01,1.852193E+04,9.886029E+03,6.262923E-01,8.651029E-01,1.234373E+04,6.622797E+03,4.173847E-01,5.795447E-01 
11:45:00,0.000000E+00,4.417927E+04,0.000000E+00,3.865427E+00,0.000000E+00,5.550847E+04,0.000000E+00,4.857121E+00,0.000000E+00,5.754262E+05,0.000000E+00,5.035102E+01,3.660690E+04,5.632723E+04,1.237906E+00,4.928779E+00,9.792337E+03,1.144740E+04,3.311086E-01,1.001731E+00,6.590559E+03,8.743943E+03,2.228465E-01,7.651145E-01,9.542978E+03,9.899658E+03,3.226769E-01,8.662911E-01,6.572325E+03,6.744854E+03,2.222299E-01,5.902214E-01,1.159060E+05,1.207438E+05,3.919149E+00,1.056594E+01,7.624557E+04,1.024660E+05,2.578099E+00,8.965956E+00,1.144715E+05,1.024501E+05,3.870643E+00,8.965101E+00,7.809583E+04,6.889754E+04,2.640663E+00,6.029010E+00,1.859410E+04,1.189466E+04,6.287327E-01,1.040872E+00,1.207213E+04,1.009807E+04,4.082010E-01,8.836004E-01,1.849567E+04,1.004107E+04,6.254042E-01,8.786688E-01,1.232681E+04,6.732947E+03,4.168127E-01,5.891824E-01 
12:00:00,0.000000E+00,4.421000E+04,0.000000E+00,3.868116E+00,0.000000E+00,5.552793E+04,0.000000E+00,4.858824E+00,0.000000E+00,5.757392E+05,0.000000E+00,5.037841E+01,3.642034E+04,5.672269E+04,1.231597E+00,4.963382E+00,9.791860E+03,1.172080E+04,3.310925E-01,1.025651E+00,6.590257E+03,8.530112E+03,2.228363E-01,7.464094E-01,9.542513E+03,9.984850E+03,3.226612E-01,8.737448E-01,6.572023E+03,6.806061E+03,2.222197E-01,5.955767E-01,1.159012E+05,1.241471E+05,3.918987E+00,1.086372E+01,7.624246E+04,9.967695E+04,2.577994E+00,8.721955E+00,1.144667E+05,1.034782E+05,3.870482E+00,9.055056E+00,7.809272E+04,6.964811E+04,2.640558E+00,6.094680E+00,1.856964E+04,1.228682E+04,6.279054E-01,1.075184E+00,1.205627E+04,9.852896E+03,4.076646E-01,8.621519E-01,1.847106E+04,1.019376E+04,6.245721E-01,8.920289E-01,1.231096E+04,6.841255E+03,4.162767E-01,5.986590E-01 
12:15:00,0.000000E+00,4.423892E+04,0.000000E+00,3.870646E+00,0.000000E+00,5.555112E+04,0.000000E+00,4.860853E+00,0.000000E+00,5.760765E+05,0.000000E+00,5.040792E+01,3.624409E+04,5.714344E+04,1.225637E+00,5.000197E+00,9.791393E+03,1.195492E+04,3.310767E-01,1.046135E+00,6.589961E+03,8.413211E+03,2.228263E-01,7.361849E-01,9.542058E+03,1.006433E+04,3.226459E-01,8.806991E-01,6.571727E+03,6.885993E+03,2.222097E-01,6.025706E-01,1.158965E+05,1.271673E+05,3.918829E+00,1.112797E+01,7.623941E+04,9.777556E+04,2.577891E+00,8.555621E+00,1.144620E+05,1.044418E+05,3.870323E+00,9.139369E+00,7.808966E+04,7.056392E+04,2.640455E+00,6.174812E+00,1.854665E+04,1.264379E+04,6.271282E-01,1.106418E+00,1.204137E+04,9.697084E+03,4.071609E-01,8.485222E-01,1.844795E+04,1.034296E+04,6.237905E-01,9.050831E-01,1.229608E+04,6.967243E+03,4.157734E-01,6.096828E-01 
12:30:00,0.000000E+00,4.426634E+04,0.000000E+00,3.873045E+00,0.000000E+00,5.557741E+04,0.000000E+00,4.863154E+00,0.000000E+00,5.764338E+05,0.000000E+00,5.043918E+01,3.607581E+04,5.758718E+04,1.219946E+00,5.039024E+00,9.790930E+03,1.213948E+04,3.310611E-01,1.062282E+00,6.589668E+03,8.345750E+03,2.228164E-01,7.302859E-01,9.541607E+03,1.013837E+04,3.226307E-01,8.871774E-01,6.571434E+03,6.971374E+03,2.221998E-01,6.100418E-01,1.158919E+05,1.296948E+05,3.918672E+00,1.134909E+01,7.623639E+04,9.633795E+04,2.577789E+00,8.429862E+00,1.144574E+05,1.053428E+05,3.870167E+00,9.218200E+00,7.808663E+04,7.154659E+04,2.640352E+00,6.260798E+00,1.852485E+04,1.295454E+04,6.263909E-01,1.133606E+00,1.202724E+04,9.589357E+03,4.066831E-01,8.390993E-01,1.842602E+04,1.048846E+04,6.230492E-01,9.178144E-01,1.228196E+04,7.101951E+03,4.152960E-01,6.214701E-01 
12:45:00,0.000000E+00,4.429261E+04,0.000000E+00,3.875344E+00,0.000000E+00,5.560550E+04,0.000000E+00,4.865611E+00,0.000000E+00,5.768008E+05,0.000000E+00,5.047130E+01,3.591530E+04,5.805069E+04,1.214518E+00,5.079581E+00,9.790472E+03,1.227053E+04,3.310457E-01,1.073746E+00,6.589377E+03,8.289497E+03,2.228066E-01,7.253667E-01,9.541160E+03,1.021014E+04,3.226156E-01,8.934567E-01,6.571143E+03,7.043278E+03,2.221900E-01,6.163335E-01,1.158873E+05,1.316862E+05,3.918516E+00,1.152332E+01,7.623339E+04,9.502916E+04,2.577688E+00,8.315367E+00,1.144528E+05,1.062161E+05,3.870011E+00,9.294611E+00,7.808363E+04,7.244580E+04,2.640251E+00,6.339481E+00,1.850416E+04,1.321459E+04,6.256913E-01,1.156357E+00,1.201384E+04,9.496885E+03,4.062299E-01,8.310104E-01,1.840523E+04,1.063367E+04,6.223460E-01,9.305198E-01,1.226857E+04,7.231473E+03,4.148432E-01,6.328036E-01 
13:00:00,0.000000E+00,4.431807E+04,0.000000E+00,3.877571E+00,0.000000E+00,5.563403E+04,0.000000E+00,4.868108E+00,0.000000E+00,5.771670E+05,0.000000E+00,5.050334E+01,3.576390E+04,5.853053E+04,1.209399E+00,5.121567E+00,9.790025E+03,1.234585E+04,3.310306E-01,1.080334E+00,6.589093E+03,8.234785E+03,2.227970E-01,7.205809E-01,9.540723E+03,1.028016E+04,3.226008E-01,8.995827E-01,6.570859E+03,7.110888E+03,2.221804E-01,6.222493E-01,1.158828E+05,1.331051E+05,3.918364E+00,1.164743E+01,7.623046E+04,9.377570E+04,2.577589E+00,8.205703E+00,1.144483E+05,1.070662E+05,3.869859E+00,9.368986E+00,7.808070E+04,7.336048E+04,2.640152E+00,6.419515E+00,1.848472E+04,1.341985E+04,6.250341E-01,1.174314E+00,1.200125E+04,9.412040E+03,4.058042E-01,8.235880E-01,1.838569E+04,1.077856E+04,6.216855E-01,9.431973E-01,1.225599E+04,7.365702E+03,4.144180E-01,6.445486E-01 
13:15:00,0.000000E+00,4.434303E+04,0.000000E+00,3.879754E+00,0.000000E+00,5.566244E+04,0.000000E+00,4.870593E+00,0.000000E+00,5.775289E+05,0.000000E+00,5.053500E+01,3.562066E+04,5.902376E+04,1.204555E+00,5.164724E+00,9.789587E+03,1.236486E+04,3.310158E-01,1.081994E+00,6.588816E+03,8.200895E+03,2.227876E-01,7.176165E-01,9.540295E+03,1.034613E+04,3.225863E-01,9.053553E-01,6.570581E+03,7.212427E+03,2.221710E-01,6.311339E-01,1.158784E+05,1.339279E+05,3.918214E+00,1.171940E+01,7.622759E+04,9.276817E+04,2.577491E+00,8.117553E+00,1.144439E+05,1.078695E+05,3.869709E+00,9.439274E+00,7.807782E+04,7.465362E+04,2.640054E+00,6.532666E+00,1.846643E+04,1.356739E+04,6.244155E-01,1.187220E+00,1.198940E+04,9.352749E+03,4.054036E-01,8.184009E-01,1.836731E+04,1.092036E+04,6.210638E-01,9.556049E-01,1.224416E+04,7.539964E+03,4.140178E-01,6.597968E-01 
13:30:00,0.000000E+00,4.436776E+04,0.000000E+00,3.881918E+00,0.000000E+00,5.569126E+04,0.000000E+00,4.873115E+00,0.000000E+00,5.778922E+05,0.000000E+00,5.056679E+01,3.548452E+04,5.952816E+04,1.199951E+00,5.208858E+00,9.789156E+03,1.233306E+04,3.310012E-01,1.079208E+00,6.588542E+03,8.193482E+03,2.227783E-01,7.169688E-01,9.539873E+03,1.040777E+04,3.225721E-01,9.107481E-01,6.570308E+03,7.401709E+03,2.221618E-01,6.476973E-01,1.158740E+05,1.341911E+05,3.918067E+00,1.174240E+01,7.622476E+04,9.205367E+04,2.577396E+00,8.055044E+00,1.144395E+05,1.086226E+05,3.869562E+00,9.505167E+00,7.807499E+04,7.683978E+04,2.639958E+00,6.723969E+00,1.844914E+04,1.366000E+04,6.238310E-01,1.195321E+00,1.197821E+04,9.322978E+03,4.050251E-01,8.157970E-01,1.834994E+04,1.105840E+04,6.204765E-01,9.676831E-01,1.223298E+04,7.804507E+03,4.136398E-01,6.829458E-01 
13:45:00,0.000000E+00,4.439256E+04,0.000000E+00,3.884088E+00,0.000000E+00,5.572161E+04,0.000000E+00,4.875771E+00,0.000000E+00,5.782680E+05,0.000000E+00,5.059967E+01,3.535489E+04,6.004325E+04,1.195568E+00,5.253928E+00,9.788731E+03,1.226161E+04,3.309868E-01,1.072953E+00,6.588271E+03,8.192202E+03,2.227692E-01,7.168577E-01,9.539457E+03,1.046629E+04,3.225580E-01,9.158685E-01,6.570037E+03,7.714194E+03,2.221526E-01,6.750432E-01,1.158697E+05,1.339869E+05,3.917921E+00,1.172450E+01,7.622196E+04,9.144667E+04,2.577301E+00,8.001942E+00,1.144352E+05,1.093384E+05,3.869416E+00,9.567798E+00,7.807218E+04,8.026259E+04,2.639864E+00,7.023500E+00,1.843278E+04,1.370636E+04,6.232776E-01,1.199374E+00,1.196762E+04,9.304420E+03,4.046669E-01,8.141742E-01,1.833350E+04,1.119363E+04,6.199205E-01,9.795152E-01,1.222240E+04,8.193127E+03,4.132820E-01,7.169535E-01 
14:00:00,0.000000E+00,4.441773E+04,0.000000E+00,3.886290E+00,0.000000E+00,5.575470E+04,0.000000E+00,4.878666E+00,0.000000E+00,5.786673E+05,0.000000E+00,5.063461E+01,3.523128E+04,6.056764E+04,1.191388E+00,5.299810E+00,9.788311E+03,1.216382E+04,3.309726E-01,1.064395E+00,6.588004E+03,8.191444E+03,2.227601E-01,7.167920E-01,9.539044E+03,1.052144E+04,3.225441E-01,9.206941E-01,6.569769E+03,8.208233E+03,2.221436E-01,7.182774E-01,1.158654E+05,1.334312E+05,3.917776E+00,1.167585E+01,7.621919E+04,9.089419E+04,2.577207E+00,7.953608E+00,1.144309E+05,1.100148E+05,3.869271E+00,9.626983E+00,7.806940E+04,8.544742E+04,2.639770E+00,7.477229E+00,1.841726E+04,1.371731E+04,6.227528E-01,1.200329E+00,1.195758E+04,9.291516E+03,4.043274E-01,8.130458E-01,1.831791E+04,1.132560E+04,6.193934E-01,9.910618E-01,1.221237E+04,8.756069E+03,4.129429E-01,7.662164E-01 
14:15:00,0.000000E+00,4.444358E+04,0.000000E+00,3.888552E+00,0.000000E+00,5.579193E+04,0.000000E+00,4.881924E+00,0.000000E+00,5.791029E+05,0.000000E+00,5.067272E+01,3.511328E+04,6.110003E+04,1.187397E+00,5.346393E+00,9.787894E+03,1.205169E+04,3.309585E-01,1.054581E+00,6.587739E+03,8.186748E+03,2.227512E-01,7.163813E-01,9.538635E+03,1.056919E+04,3.225302E-01,9.248721E-01,6.569504E+03,8.923838E+03,2.221346E-01,7.809011E-01,1.158612E+05,1.326268E+05,3.917633E+00,1.160545E+01,7.621644E+04,9.035165E+04,2.577114E+00,7.906140E+00,1.144267E+05,1.106103E+05,3.869128E+00,9.679079E+00,7.806665E+04,9.275609E+04,2.639677E+00,8.116816E+00,1.840252E+04,1.370212E+04,6.222546E-01,1.198998E+00,1.194805E+04,9.279476E+03,4.040051E-01,8.119927E-01,1.830311E+04,1.144970E+04,6.188930E-01,1.001920E+00,1.220285E+04,9.527428E+03,4.126211E-01,8.337178E-01 
14:30:00,0.000000E+00,4.447043E+04,0.000000E+00,3.890901E+00,0.000000E+00,5.583450E+04,0.000000E+00,4.885648E+00,0.000000E+00,5.795852E+05,0.000000E+00,5.071492E+01,3.499897E+04,6.163893E+04,1.183532E+00,5.393545E+00,9.787475E+03,1.194125E+04,3.309444E-01,1.044917E+00,6.587472E+03,8.176338E+03,2.227422E-01,7.154705E-01,9.538223E+03,1.060862E+04,3.225163E-01,9.283213E-01,6.569237E+03,9.847806E+03,2.221256E-01,8.617582E-01,1.158569E+05,1.317186E+05,3.917489E+00,1.152596E+01,7.621368E+04,8.979745E+04,2.577021E+00,7.857650E+00,1.144224E+05,1.111142E+05,3.868984E+00,9.723171E+00,7.806388E+04,1.020745E+05,2.639583E+00,8.932270E+00,1.838834E+04,1.367461E+04,6.217749E-01,1.196589E+00,1.193888E+04,9.265961E+03,4.036950E-01,8.108104E-01,1.828887E+04,1.156462E+04,6.184113E-01,1.011975E+00,1.219369E+04,1.049540E+04,4.123114E-01,9.184241E-01 
14:45:00,0.000000E+00,4.449854E+04,0.000000E+00,3.893360E+00,0.000000E+00,5.588278E+04,0.000000E+00,4.889874E+00,0.000000E+00,5.801174E+05,0.000000E+00,5.076149E+01,3.488851E+04,6.218206E+04,1.179797E+00,5.441067E+00,9.787054E+03,1.184915E+04,3.309301E-01,1.036857E+00,6.587203E+03,8.160528E+03,2.227331E-01,7.140869E-01,9.537808E+03,1.064124E+04,3.225023E-01,9.311753E-01,6.568969E+03,1.091796E+04,2.221165E-01,9.554058E-01,1.158526E+05,1.308645E+05,3.917345E+00,1.145122E+01,7.621090E+04,8.923016E+04,2.576927E+00,7.808013E+00,1.144181E+05,1.115424E+05,3.868839E+00,9.760632E+00,7.806111E+04,1.128591E+05,2.639489E+00,9.876003E+00,1.837470E+04,1.365002E+04,6.213137E-01,1.194437E+00,1.193006E+04,9.250903E+03,4.033969E-01,8.094929E-01,1.827517E+04,1.167160E+04,6.179482E-01,1.021336E+00,1.218489E+04,1.160688E+04,4.120137E-01,1.015686E+00 
15:00:00,0.000000E+00,4.452813E+04,0.000000E+00,3.895949E+00,0.000000E+00,5.593608E+04,0.000000E+00,4.894537E+00,0.000000E+00,5.806930E+05,0.000000E+00,5.081186E+01,3.478220E+04,6.272551E+04,1.176201E+00,5.488617E+00,9.786633E+03,1.178593E+04,3.309159E-01,1.031326E+00,6.586935E+03,8.134702E+03,2.227240E-01,7.118269E-01,9.537393E+03,1.066020E+04,3.224882E-01,9.328344E-01,6.568700E+03,1.206411E+04,2.221074E-01,1.055700E+00,1.158484E+05,1.301694E+05,3.917200E+00,1.139039E+01,7.620814E+04,8.860146E+04,2.576834E+00,7.753002E+00,1.144138E+05,1.118274E+05,3.868694E+00,9.785565E+00,7.805833E+04,1.244782E+05,2.639395E+00,1.089273E+01,1.836162E+04,1.363859E+04,6.208716E-01,1.193437E+00,1.192161E+04,9.228816E+03,4.031112E-01,8.075602E-01,1.826204E+04,1.176361E+04,6.175043E-01,1.029386E+00,1.217646E+04,1.279979E+04,4.117285E-01,1.120070E+00 
15:15:00,0.000000E+00,4.455933E+04,0.000000E+00,3.898678E+00,0.000000E+00,5.599253E+04,0.000000E+00,4.899476E+00,0.000000E+00,5.812953E+05,0.000000E+00,5.086456E+01,3.467994E+04,6.326454E+04,1.172743E+00,5.535780E+00,9.786213E+03,1.174668E+04,3.309017E-01,1.027892E+00,6.586667E+03,8.097755E+03,2.227149E-01,7.085937E-01,9.536979E+03,1.066374E+04,3.224742E-01,9.331435E-01,6.568432E+03,1.318917E+04,2.220984E-01,1.154144E+00,1.158441E+05,1.295921E+05,3.917056E+00,1.133989E+01,7.620538E+04,8.789443E+04,2.576740E+00,7.691136E+00,1.144096E+05,1.119486E+05,3.868549E+00,9.796160E+00,7.805557E+04,1.360327E+05,2.639302E+00,1.190376E+01,1.834910E+04,1.363608E+04,6.204482E-01,1.193217E+00,1.191352E+04,9.197928E+03,4.028377E-01,8.048574E-01,1.824947E+04,1.183796E+04,6.170793E-01,1.035891E+00,1.216838E+04,1.398579E+04,4.114554E-01,1.223846E+00 
15:30:00,0.000000E+00,4.459212E+04,0.000000E+00,3.901548E+00,0.000000E+00,5.604951E+04,0.000000E+00,4.904463E+00,0.000000E+00,5.819001E+05,0.000000E+00,5.091748E+01,3.458159E+04,6.379445E+04,1.169418E+00,5.582145E+00,9.785794E+03,1.172106E+04,3.308875E-01,1.025652E+00,6.586400E+03,8.050242E+03,2.227059E-01,7.044359E-01,9.536565E+03,1.065219E+04,3.224603E-01,9.321316E-01,6.568165E+03,1.422204E+04,2.220893E-01,1.244517E+00,1.158399E+05,1.290437E+05,3.916912E+00,1.129190E+01,7.620263E+04,8.710990E+04,2.576647E+00,7.622487E+00,1.144053E+05,1.119078E+05,3.868405E+00,9.792584E+00,7.805281E+04,1.468571E+05,2.639209E+00,1.285086E+01,1.833711E+04,1.363359E+04,6.200428E-01,1.192999E+00,1.190578E+04,9.158149E+03,4.025759E-01,8.013764E-01,1.823744E+04,1.189445E+04,6.166723E-01,1.040833E+00,1.216065E+04,1.509935E+04,4.111940E-01,1.321279E+00 
15:45:00,0.000000E+00,4.462640E+04,0.000000E+00,3.904547E+00,0.000000E+00,5.610432E+04,0.000000E+00,4.909259E+00,0.000000E+00,5.824826E+05,0.000000E+00,5.096844E+01,3.448699E+04,6.431006E+04,1.166219E+00,5.627258E+00,9.785377E+03,1.169338E+04,3.308734E-01,1.023231E+00,6.586133E+03,7.994427E+03,2.226969E-01,6.995516E-01,9.536153E+03,1.062841E+04,3.224463E-01,9.300503E-01,6.567899E+03,1.512701E+04,2.220803E-01,1.323694E+00,1.158356E+05,1.284089E+05,3.916769E+00,1.123636E+01,7.619988E+04,8.626677E+04,2.576555E+00,7.548711E+00,1.144011E+05,1.117343E+05,3.868262E+00,9.777398E+00,7.805007E+04,1.566110E+05,2.639116E+00,1.370426E+01,1.832564E+04,1.362049E+04,6.196547E-01,1.191853E+00,1.189837E+04,9.111256E+03,4.023253E-01,7.972730E-01,1.822592E+04,1.193582E+04,6.162827E-01,1.044452E+00,1.215325E+04,1.610682E+04,4.109439E-01,1.409425E+00 
16:00:00,0.000000E+00,4.466193E+04,0.000000E+00,3.907656E+00,0.000000E+00,5.615464E+04,0.000000E+00,4.913661E+00,0.000000E+00,5.830214E+05,0.000000E+00,5.101559E+01,3.439598E+04,6.480647E+04,1.163141E+00,5.670691E+00,9.784962E+03,1.164087E+04,3.308594E-01,1.018637E+00,6.585868E+03,7.930487E+03,2.226879E-01,6.939564E-01,9.535742E+03,1.059211E+04,3.224324E-01,9.268733E-01,6.567634E+03,1.589493E+04,2.220714E-01,1.390878E+00,1.158314E+05,1.274995E+05,3.916627E+00,1.115679E+01,7.619715E+04,8.536454E+04,2.576462E+00,7.469764E+00,1.143968E+05,1.114254E+05,3.868118E+00,9.750357E+00,7.804733E+04,1.651794E+05,2.639023E+00,1.445391E+01,1.831464E+04,1.357845E+04,6.192830E-01,1.188174E+00,1.189128E+04,9.056939E+03,4.020854E-01,7.925199E-01,1.821488E+04,1.196136E+04,6.159096E-01,1.046685E+00,1.214617E+04,1.699635E+04,4.107044E-01,1.487250E+00 
16:15:00,0.000000E+00,4.469840E+04,0.000000E+00,3.910846E+00,0.000000E+00,5.619861E+04,0.000000E+00,4.917508E+00,0.000000E+00,5.834993E+05,0.000000E+00,5.105741E+01,3.430841E+04,6.527835E+04,1.160180E+00,5.711978E+00,9.784549E+03,1.154898E+04,3.308454E-01,1.010596E+00,6.585604E+03,7.857492E+03,2.226790E-01,6.875691E-01,9.535333E+03,1.054124E+04,3.224186E-01,9.224213E-01,6.567369E+03,1.653392E+04,2.220624E-01,1.446779E+00,1.158272E+05,1.261962E+05,3.916484E+00,1.104275E+01,7.619443E+04,8.439191E+04,2.576370E+00,7.384657E+00,1.143926E+05,1.109594E+05,3.867976E+00,9.709575E+00,7.804460E+04,1.725752E+05,2.638931E+00,1.510094E+01,1.830412E+04,1.349561E+04,6.189270E-01,1.180925E+00,1.188448E+04,8.993561E+03,4.018558E-01,7.869742E-01,1.820432E+04,1.196856E+04,6.155522E-01,1.047314E+00,1.213939E+04,1.776804E+04,4.104751E-01,1.554763E+00 
16:30:00,0.000000E+00,4.473545E+04,0.000000E+00,3.914087E+00,0.000000E+00,5.623509E+04,0.000000E+00,4.920700E+00,0.000000E+00,5.839050E+05,0.000000E+00,5.109290E+01,3.422412E+04,6.572303E+04,1.157329E+00,5.750885E+00,9.784137E+03,1.141978E+04,3.308315E-01,9.992901E-01,6.585341E+03,7.774441E+03,2.226701E-01,6.803016E-01,9.534925E+03,1.048556E+04,3.224048E-01,9.175484E-01,6.567106E+03,1.704880E+04,2.220535E-01,1.491822E+00,1.158230E+05,1.245261E+05,3.916343E+00,1.089660E+01,7.619172E+04,8.333595E+04,2.576278E+00,7.292259E+00,1.143884E+05,1.104280E+05,3.867833E+00,9.663069E+00,7.804189E+04,1.787988E+05,2.638839E+00,1.564542E+01,1.829403E+04,1.337435E+04,6.185861E-01,1.170314E+00,1.187798E+04,8.919940E+03,4.016358E-01,7.805320E-01,1.819419E+04,1.196587E+04,6.152100E-01,1.047079E+00,1.213290E+04,1.842223E+04,4.102556E-01,1.611996E+00 
16:45:00,0.000000E+00,4.477268E+04,0.000000E+00,3.917345E+00,0.000000E+00,5.626831E+04,0.000000E+00,4.923606E+00,0.000000E+00,5.842802E+05,0.000000E+00,5.112572E+01,3.414298E+04,6.614093E+04,1.154585E+00,5.787448E+00,9.783728E+03,1.126761E+04,3.308177E-01,9.859744E-01,6.585079E+03,7.684723E+03,2.226612E-01,6.724509E-01,9.534518E+03,1.044230E+04,3.223910E-01,9.137629E-01,6.566844E+03,1.742768E+04,2.220447E-01,1.524966E+00,1.158188E+05,1.226398E+05,3.916201E+00,1.073154E+01,7.618901E+04,8.222790E+04,2.576187E+00,7.195301E+00,1.143842E+05,1.100012E+05,3.867691E+00,9.625718E+00,7.803918E+04,1.836770E+05,2.638748E+00,1.607218E+01,1.828437E+04,1.322937E+04,6.182594E-01,1.157627E+00,1.187175E+04,8.838924E+03,4.014251E-01,7.734428E-01,1.818450E+04,1.197011E+04,6.148821E-01,1.047449E+00,1.212668E+04,1.893954E+04,4.100453E-01,1.657251E+00 
17:00:00,0.000000E+00,4.480968E+04,0.000000E+00,3.920582E+00,0.000000E+00,5.630951E+04,0.000000E+00,4.927211E+00,0.000000E+00,5.847371E+05,0.000000E+00,5.116570E+01,3.406485E+04,6.654168E+04,1.151943E+00,5.822510E+00,9.783320E+03,1.110127E+04,3.308039E-01,9.714177E-01,6.584818E+03,7.588588E+03,2.226524E-01,6.640388E-01,9.534113E+03,1.040428E+04,3.223773E-01,9.104361E-01,6.566583E+03,1.765862E+04,2.220358E-01,1.545167E+00,1.158147E+05,1.206326E+05,3.916061E+00,1.055590E+01,7.618632E+04,8.106849E+04,2.576096E+00,7.093851E+00,1.143800E+05,1.096233E+05,3.867550E+00,9.592657E+00,7.803648E+04,1.870546E+05,2.638656E+00,1.636765E+01,1.827511E+04,1.306991E+04,6.179463E-01,1.143673E+00,1.186578E+04,8.750468E+03,4.012233E-01,7.657026E-01,1.817520E+04,1.197596E+04,6.145678E-01,1.047960E+00,1.212072E+04,1.930469E+04,4.098439E-01,1.689195E+00 
17:15:00,0.000000E+00,4.484587E+04,0.000000E+00,3.923748E+00,0.000000E+00,5.636916E+04,0.000000E+00,4.932430E+00,0.000000E+00,5.853801E+05,0.000000E+00,5.122196E+01,3.398961E+04,6.693438E+04,1.149399E+00,5.856868E+00,9.782914E+03,1.093119E+04,3.307902E-01,9.565352E-01,6.584558E+03,7.484946E+03,2.226436E-01,6.549697E-01,9.533710E+03,1.035607E+04,3.223637E-01,9.062186E-01,6.566324E+03,1.774085E+04,2.220271E-01,1.552355E+00,1.158105E+05,1.185921E+05,3.915920E+00,1.037735E+01,7.618364E+04,7.984601E+04,2.576005E+00,6.986883E+00,1.143758E+05,1.091473E+05,3.867409E+00,9.551005E+00,7.803379E+04,1.888895E+05,2.638566E+00,1.652813E+01,1.826624E+04,1.290378E+04,6.176462E-01,1.129136E+00,1.186006E+04,8.653102E+03,4.010299E-01,7.571829E-01,1.816630E+04,1.196878E+04,6.142666E-01,1.047332E+00,1.211502E+04,1.951365E+04,4.096509E-01,1.707472E+00 
17:30:00,0.000000E+00,4.488058E+04,0.000000E+00,3.926785E+00,0.000000E+00,5.645167E+04,0.000000E+00,4.939650E+00,0.000000E+00,5.862529E+05,0.000000E+00,5.129833E+01,3.391855E+04,6.732222E+04,1.146996E+00,5.890802E+00,9.782524E+03,1.076990E+04,3.307770E-01,9.424216E-01,6.584308E+03,7.373429E+03,2.226352E-01,6.452117E-01,9.533322E+03,1.028858E+04,3.223506E-01,9.003123E-01,6.566074E+03,1.766417E+04,2.220186E-01,1.545640E+00,1.158065E+05,1.166308E+05,3.915785E+00,1.020573E+01,7.618104E+04,7.855398E+04,2.575918E+00,6.873828E+00,1.143718E+05,1.084942E+05,3.867272E+00,9.493860E+00,7.803119E+04,1.890486E+05,2.638478E+00,1.654199E+01,1.825789E+04,1.274157E+04,6.173638E-01,1.114942E+00,1.185468E+04,8.546117E+03,4.008479E-01,7.478213E-01,1.815791E+04,1.194068E+04,6.139832E-01,1.044873E+00,1.210965E+04,1.955325E+04,4.094693E-01,1.710931E+00 
17:45:00,0.000000E+00,4.491304E+04,0.000000E+00,3.929625E+00,0.000000E+00,5.655514E+04,0.000000E+00,4.948704E+00,0.000000E+00,5.873358E+05,0.000000E+00,5.139309E+01,3.385118E+04,6.770181E+04,1.144718E+00,5.924014E+00,9.782148E+03,1.062052E+04,3.307642E-01,9.293517E-01,6.584068E+03,7.254668E+03,2.226270E-01,6.348198E-01,9.532948E+03,1.020527E+04,3.223379E-01,8.930225E-01,6.565833E+03,1.741212E+04,2.220105E-01,1.523582E+00,1.158026E+05,1.147787E+05,3.915653E+00,1.004368E+01,7.617853E+04,7.719714E+04,2.575832E+00,6.755102E+00,1.143679E+05,1.077018E+05,3.867140E+00,9.424515E+00,7.802867E+04,1.873366E+05,2.638392E+00,1.639214E+01,1.825001E+04,1.258594E+04,6.170975E-01,1.101325E+00,1.184961E+04,8.429844E+03,4.006764E-01,7.376472E-01,1.815001E+04,1.189505E+04,6.137159E-01,1.040879E+00,1.210458E+04,1.940420E+04,4.092981E-01,1.697883E+00 
18:00:00,0.000000E+00,4.494250E+04,0.000000E+00,3.932203E+00,0.000000E+00,5.667286E+04,0.000000E+00,4.959006E+00,0.000000E+00,5.885617E+05,0.000000E+00,5.150037E+01,3.378688E+04,6.806387E+04,1.142543E+00,5.955692E+00,9.781780E+03,1.047011E+04,3.307518E-01,9.161905E-01,6.583832E+03,7.132952E+03,2.226191E-01,6.241693E-01,9.532582E+03,1.011185E+04,3.223256E-01,8.848469E-01,6.565598E+03,1.695646E+04,2.220025E-01,1.483706E+00,1.157988E+05,1.129205E+05,3.915524E+00,9.881087E+00,7.617605E+04,7.581545E+04,2.575749E+00,6.634201E+00,1.143640E+05,1.068294E+05,3.867010E+00,9.348179E+00,7.802620E+04,1.834353E+05,2.638309E+00,1.605073E+01,1.824254E+04,1.242538E+04,6.168449E-01,1.087276E+00,1.184480E+04,8.308315E+03,4.005137E-01,7.270131E-01,1.814251E+04,1.183770E+04,6.134624E-01,1.035860E+00,1.209978E+04,1.903389E+04,4.091358E-01,1.665476E+00 
18:15:00,0.000000E+00,4.496823E+04,0.000000E+00,3.934453E+00,0.000000E+00,5.678891E+04,0.000000E+00,4.969160E+00,0.000000E+00,5.897710E+05,0.000000E+00,5.160619E+01,3.372535E+04,6.839119E+04,1.140463E+00,5.984330E+00,1.021568E+04,1.030143E+04,3.454262E-01,9.014308E-01,6.873108E+03,7.002418E+03,2.324022E-01,6.127473E-01,9.966488E+03,9.998129E+03,3.370000E-01,8.748959E-01,6.854873E+03,1.630007E+04,2.317857E-01,1.426269E+00,1.201532E+05,1.108830E+05,4.062788E+00,9.702803E+00,7.907902E+04,7.434681E+04,2.673927E+00,6.505694E+00,1.187184E+05,1.057625E+05,4.014273E+00,9.254813E+00,8.092916E+04,1.773544E+05,2.736487E+00,1.551860E+01,1.867311E+04,1.224226E+04,6.314069E-01,1.071253E+00,1.213200E+04,8.175055E+03,4.102270E-01,7.153526E-01,1.857305E+04,1.175653E+04,6.280235E-01,1.028758E+00,1.238700E+04,1.844434E+04,4.188495E-01,1.613886E+00 
18:30:00,0.000000E+00,4.498958E+04,0.000000E+00,3.936322E+00,0.000000E+00,5.687656E+04,0.000000E+00,4.976830E+00,0.000000E+00,5.906950E+05,0.000000E+00,5.168704E+01,3.393847E+04,6.865381E+04,1.147670E+00,6.007307E+00,1.065000E+04,1.010638E+04,3.601126E-01,8.843636E-01,7.162538E+03,6.859869E+03,2.421892E-01,6.002739E-01,1.040062E+04,9.859853E+03,3.516799E-01,8.627957E-01,7.144305E+03,1.543477E+04,2.415727E-01,1.350551E+00,1.245076E+05,1.085891E+05,4.210032E+00,9.502078E+00,8.198169E+04,7.275972E+04,2.772078E+00,6.366820E+00,1.230729E+05,1.044348E+05,4.161520E+00,9.138634E+00,8.383187E+04,1.690162E+05,2.834640E+00,1.478897E+01,1.913854E+04,1.202845E+04,6.471442E-01,1.052544E+00,1.244157E+04,8.026668E+03,4.206943E-01,7.023684E-01,1.903837E+04,1.164351E+04,6.437570E-01,1.018868E+00,1.269662E+04,1.762724E+04,4.293183E-01,1.542386E+00 
18:45:00,0.000000E+00,4.500612E+04,0.000000E+00,3.937768E+00,0.000000E+00,5.690685E+04,0.000000E+00,4.979480E+00,0.000000E+00,5.910422E+05,0.000000E+00,5.171741E+01,3.446569E+04,6.881938E+04,1.165498E+00,6.021791E+00,1.108665E+04,9.880784E+03,3.748716E-01,8.646229E-01,7.453387E+03,6.703132E+03,2.520198E-01,5.865589E-01,1.083689E+04,9.686618E+03,3.664264E-01,8.476362E-01,7.435158E+03,1.430308E+04,2.514034E-01,1.251525E+00,1.288817E+05,1.059980E+05,4.357865E+00,9.275351E+00,8.489684E+04,7.103039E+04,2.870603E+00,6.215499E+00,1.274470E+05,1.027246E+05,4.309354E+00,8.988974E+00,8.674709E+04,1.578502E+05,2.933165E+00,1.381191E+01,1.964645E+04,1.177954E+04,6.643069E-01,1.030763E+00,1.277854E+04,7.860691E+03,4.320806E-01,6.878449E-01,1.954635E+04,1.148510E+04,6.609220E-01,1.005005E+00,1.303363E+04,1.652490E+04,4.407060E-01,1.445928E+00 
19:00:00,0.000000E+00,4.501754E+04,0.000000E+00,3.938767E+00,0.000000E+00,5.685833E+04,0.000000E+00,4.975233E+00,0.000000E+00,5.905959E+05,0.000000E+00,5.167834E+01,3.522065E+04,6.886318E+04,1.191028E+00,6.025619E+00,1.152405E+04,9.629748E+03,3.896541E-01,8.426559E-01,7.744673E+03,6.534749E+03,2.618639E-01,5.718247E-01,1.127384E+04,9.460219E+03,3.811939E-01,8.278244E-01,7.726448E+03,1.293133E+04,2.612477E-01,1.131494E+00,1.332620E+05,1.031585E+05,4.505890E+00,9.026884E+00,8.781582E+04,6.918329E+04,2.969242E+00,6.053871E+00,1.318270E+05,1.004459E+05,4.457370E+00,8.789574E+00,8.966612E+04,1.441080E+05,3.031804E+00,1.260944E+01,2.018528E+04,1.150014E+04,6.825107E-01,1.006314E+00,1.313549E+04,7.679355E+03,4.441398E-01,6.719775E-01,2.008555E+04,1.126193E+04,6.791387E-01,9.854757E-01,1.339062E+04,1.516088E+04,4.527663E-01,1.326574E+00 
19:15:00,0.000000E+00,4.502365E+04,0.000000E+00,3.939301E+00,0.000000E+00,5.673153E+04,0.000000E+00,4.964135E+00,0.000000E+00,5.893591E+05,0.000000E+00,5.157010E+01,3.614895E+04,6.878485E+04,1.222420E+00,6.018761E+00,1.196259E+04,9.372292E+03,4.044707E-01,8.201271E-01,8.036679E+03,6.365647E+03,2.717293E-01,5.570277E-01,1.171190E+04,9.203902E+03,3.959945E-01,8.053942E-01,8.018459E+03,1.151029E+04,2.711133E-01,1.007150E+00,1.376534E+05,1.002616E+05,4.654238E+00,8.773389E+00,9.074181E+04,6.732897E+04,3.068085E+00,5.891613E+00,1.362179E+05,9.783202E+04,4.605703E+00,8.560834E+00,9.259213E+04,1.296755E+05,3.130646E+00,1.134656E+01,2.074846E+04,1.120959E+04,7.015322E-01,9.808905E-01,1.350819E+04,7.493850E+03,4.567276E-01,6.557451E-01,2.064940E+04,1.099826E+04,6.981829E-01,9.624015E-01,1.376337E+04,1.372217E+04,4.653552E-01,1.200684E+00 
19:30:00,0.000000E+00,4.502437E+04,0.000000E+00,3.939364E+00,0.000000E+00,5.654676E+04,0.000000E+00,4.947964E+00,0.000000E+00,5.875319E+05,0.000000E+00,5.141019E+01,3.721804E+04,6.860456E+04,1.258572E+00,6.002980E+00,1.240208E+04,9.121875E+03,4.193174E-01,7.982147E-01,8.329288E+03,6.202748E+03,2.816139E-01,5.427736E-01,1.215089E+04,8.933841E+03,4.108249E-01,7.817618E-01,8.311072E+03,1.016206E+04,2.809980E-01,8.891791E-01,1.420542E+05,9.743643E+04,4.802888E+00,8.526181E+00,9.367387E+04,6.553367E+04,3.167121E+00,5.734521E+00,1.406181E+05,9.503481E+04,4.754335E+00,8.316057E+00,9.552421E+04,1.157952E+05,3.229680E+00,1.013204E+01,2.133151E+04,1.092103E+04,7.212235E-01,9.556402E-01,1.389374E+04,7.310913E+03,4.697485E-01,6.397378E-01,2.123335E+04,1.071020E+04,7.179044E-01,9.371949E-01,1.414896E+04,1.233334E+04,4.783773E-01,1.079161E+00 
19:45:00,0.000000E+00,4.501986E+04,0.000000E+00,3.938969E+00,0.000000E+00,5.632986E+04,0.000000E+00,4.928983E+00,0.000000E+00,5.853690E+05,0.000000E+00,5.122090E+01,3.840782E+04,6.834887E+04,1.298806E+00,5.980603E+00,1.240806E+04,8.890945E+03,4.195023E-01,7.780079E-01,8.332873E+03,6.052303E+03,2.817232E-01,5.296096E-01,1.215637E+04,8.654775E+03,4.109931E-01,7.573421E-01,8.314663E+03,8.965988E+03,2.811076E-01,7.845239E-01,1.421047E+05,9.481121E+04,4.804399E+00,8.296472E+00,9.370551E+04,6.386109E+04,3.168059E+00,5.588170E+00,1.406680E+05,9.210845E+04,4.755827E+00,8.059984E+00,9.555587E+04,1.032845E+05,3.230615E+00,9.037370E+00,2.149378E+04,1.064759E+04,7.266824E-01,9.317138E-01,1.399844E+04,7.137232E+03,4.732700E-01,6.245407E-01,2.139669E+04,1.040418E+04,7.233998E-01,9.104164E-01,1.425370E+04,1.107647E+04,4.819001E-01,9.691872E-01 
20:00:00,0.000000E+00,4.501048E+04,0.000000E+00,3.938148E+00,0.000000E+00,5.610667E+04,0.000000E+00,4.909451E+00,0.000000E+00,5.831254E+05,0.000000E+00,5.102457E+01,3.943126E+04,6.804511E+04,1.333415E+00,5.954020E+00,1.241426E+04,8.688476E+03,4.196963E-01,7.602923E-01,8.336716E+03,5.918535E+03,2.818423E-01,5.179053E-01,1.216226E+04,8.382820E+03,4.111769E-01,7.335449E-01,8.318508E+03,7.983455E+03,2.812268E-01,6.985556E-01,1.421619E+05,9.247200E+04,4.806155E+00,8.091794E+00,9.374181E+04,6.235424E+04,3.169166E+00,5.456324E+00,1.407244E+05,8.922213E+04,4.757558E+00,7.807419E+00,9.559212E+04,9.276733E+04,3.231719E+00,8.117152E+00,2.163618E+04,1.039821E+04,7.314727E-01,9.098936E-01,1.409046E+04,6.977051E+03,4.763654E-01,6.105251E-01,2.154040E+04,1.009771E+04,7.282344E-01,8.835989E-01,1.434574E+04,1.001400E+04,4.849957E-01,8.762249E-01 
20:15:00,0.000000E+00,4.499676E+04,0.000000E+00,3.936947E+00,0.000000E+00,5.590276E+04,0.000000E+00,4.891608E+00,0.000000E+00,5.810547E+05,0.000000E+00,5.084337E+01,4.023659E+04,6.772143E+04,1.360648E+00,5.925695E+00,1.241870E+04,8.524253E+03,4.198363E-01,7.459236E-01,8.339500E+03,5.807178E+03,2.819297E-01,5.081622E-01,1.216657E+04,8.149071E+03,4.113126E-01,7.130917E-01,8.321293E+03,7.299310E+03,2.813142E-01,6.386976E-01,1.422056E+05,9.051676E+04,4.807521E+00,7.920720E+00,9.376950E+04,6.106940E+04,3.170030E+00,5.343907E+00,1.407674E+05,8.669596E+04,4.758902E+00,7.586376E+00,9.561975E+04,8.511643E+04,3.232580E+00,7.447748E+00,2.174928E+04,1.018318E+04,7.352834E-01,8.910794E-01,1.416363E+04,6.836397E+03,4.788303E-01,5.982184E-01,2.165476E+04,9.824106E+03,7.320875E-01,8.596581E-01,1.441892E+04,9.233665E+03,4.874609E-01,8.079510E-01 
20:30:00,0.000000E+00,4.497938E+04,0.000000E+00,3.935427E+00,0.000000E+00,5.574015E+04,0.000000E+00,4.877379E+00,0.000000E+00,5.793765E+05,0.000000E+00,5.069652E+01,4.089703E+04,6.740315E+04,1.382982E+00,5.897845E+00,1.242288E+04,8.396695E+03,4.199690E-01,7.347638E-01,8.342156E+03,5.717539E+03,2.820138E-01,5.003195E-01,1.217068E+04,7.984096E+03,4.114433E-01,6.986574E-01,8.323950E+03,6.916686E+03,2.813983E-01,6.052243E-01,1.422483E+05,8.893320E+04,4.808875E+00,7.782172E+00,9.379678E+04,6.000234E+04,3.170893E+00,5.250547E+00,1.408097E+05,8.483012E+04,4.760242E+00,7.423123E+00,9.564700E+04,8.041241E+04,3.233442E+00,7.036209E+00,2.184284E+04,1.000168E+04,7.384370E-01,8.751988E-01,1.422418E+04,6.715212E+03,4.808711E-01,5.876154E-01,2.174936E+04,9.614333E+03,7.352763E-01,8.413037E-01,1.447948E+04,8.745053E+03,4.895022E-01,7.652039E-01 
20:45:00,0.000000E+00,4.495916E+04,0.000000E+00,3.933658E+00,0.000000E+00,5.562391E+04,0.000000E+00,4.867210E+00,0.000000E+00,5.781424E+05,0.000000E+00,5.058855E+01,4.145989E+04,6.709852E+04,1.402015E+00,5.871190E+00,1.242636E+04,8.290546E+03,4.200827E-01,7.254773E-01,8.344379E+03,5.640342E+03,2.820863E-01,4.935658E-01,1.217413E+04,7.865297E+03,4.115559E-01,6.882647E-01,8.326173E+03,6.680897E+03,2.814708E-01,5.845998E-01,1.422849E+05,8.756778E+04,4.810074E+00,7.662713E+00,9.382028E+04,5.906007E+04,3.171661E+00,5.168108E+00,1.408461E+05,8.339924E+04,4.761434E+00,7.297941E+00,9.567048E+04,7.717960E+04,3.234208E+00,6.753407E+00,2.192229E+04,9.838429E+03,7.411195E-01,8.609160E-01,1.427561E+04,6.604113E+03,4.826078E-01,5.778951E-01,2.182965E+04,9.445114E+03,7.379872E-01,8.264989E-01,1.453093E+04,8.402247E+03,4.912394E-01,7.352153E-01 
21:00:00,0.000000E+00,4.493690E+04,0.000000E+00,3.931709E+00,0.000000E+00,5.554315E+04,0.000000E+00,4.860145E+00,0.000000E+00,5.772457E+05,0.000000E+00,5.051011E+01,4.195191E+04,6.679983E+04,1.418654E+00,5.845055E+00,1.242932E+04,8.196820E+03,4.201804E-01,7.172777E-01,8.346271E+03,5.570449E+03,2.821487E-01,4.874510E-01,1.217707E+04,7.769037E+03,4.116528E-01,6.798442E-01,8.328065E+03,6.510734E+03,2.815332E-01,5.697162E-01,1.423170E+05,8.633583E+04,4.811133E+00,7.554931E+00,9.384082E+04,5.819483E+04,3.172340E+00,5.092407E+00,1.408780E+05,8.218203E+04,4.762489E+00,7.191456E+00,9.569100E+04,7.463165E+04,3.234887E+00,6.530514E+00,2.199124E+04,9.685222E+03,7.434491E-01,8.475115E-01,1.432027E+04,6.498593E+03,4.841167E-01,5.686627E-01,2.189929E+04,9.294188E+03,7.403400E-01,8.132947E-01,1.457560E+04,8.126486E+03,4.927485E-01,7.110915E-01 
21:15:00,0.000000E+00,4.491324E+04,0.000000E+00,3.929640E+00,0.000000E+00,5.548522E+04,0.000000E+00,4.855078E+00,0.000000E+00,5.765639E+05,0.000000E+00,5.045047E+01,4.238764E+04,6.649766E+04,1.433388E+00,5.818616E+00,1.243193E+04,8.111431E+03,4.202672E-01,7.098072E-01,8.347939E+03,5.505690E+03,2.822041E-01,4.817852E-01,1.217966E+04,7.686029E+03,4.117389E-01,6.725828E-01,8.329733E+03,6.377363E+03,2.815887E-01,5.580501E-01,1.423458E+05,8.519960E+04,4.812096E+00,7.455521E+00,9.385936E+04,5.738859E+04,3.172958E+00,5.021866E+00,1.409068E+05,8.109972E+04,4.763450E+00,7.096770E+00,9.570953E+04,7.249550E+04,3.235505E+00,6.343637E+00,2.205186E+04,9.538647E+03,7.454981E-01,8.346870E-01,1.435956E+04,6.396836E+03,4.854444E-01,5.597594E-01,2.196048E+04,9.153514E+03,7.424082E-01,8.009871E-01,1.461488E+04,7.890292E+03,4.940762E-01,6.904280E-01 
21:30:00,0.000000E+00,4.488866E+04,0.000000E+00,3.927489E+00,0.000000E+00,5.544140E+04,0.000000E+00,4.851245E+00,0.000000E+00,5.760147E+05,0.000000E+00,5.040243E+01,4.277717E+04,6.618674E+04,1.446561E+00,5.791412E+00,1.243430E+04,8.032069E+03,4.203461E-01,7.028639E-01,8.349448E+03,5.444846E+03,2.822546E-01,4.764618E-01,1.218201E+04,7.611949E+03,4.118173E-01,6.661022E-01,8.331242E+03,6.266927E+03,2.816391E-01,5.483896E-01,1.423725E+05,8.413735E+04,4.812991E+00,7.362582E+00,9.387649E+04,5.662777E+04,3.173532E+00,4.955299E+00,1.409335E+05,8.011211E+04,4.764343E+00,7.010366E+00,9.572666E+04,7.064069E+04,3.236079E+00,6.181365E+00,2.210567E+04,9.396920E+03,7.473172E-01,8.222863E-01,1.439444E+04,6.298087E+03,4.866237E-01,5.511192E-01,2.201477E+04,9.019769E+03,7.442434E-01,7.892853E-01,1.464976E+04,7.680717E+03,4.952553E-01,6.720925E-01 
21:45:00,0.000000E+00,4.486349E+04,0.000000E+00,3.925287E+00,0.000000E+00,5.540631E+04,0.000000E+00,4.848177E+00,0.000000E+00,5.755483E+05,0.000000E+00,5.036164E+01,4.312840E+04,6.586521E+04,1.458438E+00,5.763279E+00,1.243648E+04,7.956047E+03,4.204194E-01,6.962126E-01,8.350844E+03,5.386295E+03,2.823014E-01,4.713389E-01,1.218418E+04,7.542982E+03,4.118901E-01,6.600685E-01,8.332638E+03,6.170519E+03,2.816859E-01,5.399556E-01,1.423977E+05,8.312185E+04,4.813835E+00,7.273731E+00,9.389263E+04,5.589801E+04,3.174075E+00,4.891449E+00,1.409586E+05,7.918606E+04,4.765187E+00,6.929345E+00,9.574279E+04,6.897976E+04,3.236622E+00,6.036051E+00,2.215384E+04,9.257660E+03,7.489457E-01,8.101015E-01,1.442567E+04,6.200943E+03,4.876797E-01,5.426193E-01,2.206334E+04,8.889896E+03,7.458856E-01,7.779221E-01,1.468099E+04,7.489189E+03,4.963112E-01,6.553354E-01 
22:00:00,0.000000E+00,4.483794E+04,0.000000E+00,3.923051E+00,0.000000E+00,5.537662E+04,0.000000E+00,4.845580E+00,0.000000E+00,5.751344E+05,0.000000E+00,5.032543E+01,4.344915E+04,6.553306E+04,1.469285E+00,5.734217E+00,1.243854E+04,7.882392E+03,4.204886E-01,6.897682E-01,8.352161E+03,5.329485E+03,2.823457E-01,4.663683E-01,1.218623E+04,7.477464E+03,4.119590E-01,6.543365E-01,8.333955E+03,6.083211E+03,2.817302E-01,5.323174E-01,1.424218E+05,8.214249E+04,4.814647E+00,7.188041E+00,9.390809E+04,5.519307E+04,3.174596E+00,4.829769E+00,1.409827E+05,7.830498E+04,4.765998E+00,6.852257E+00,9.575825E+04,6.746223E+04,3.237143E+00,5.903278E+00,2.219748E+04,9.120182E+03,7.504212E-01,7.980724E-01,1.445398E+04,6.104929E+03,4.886366E-01,5.342183E-01,2.210732E+04,8.762465E+03,7.473727E-01,7.667722E-01,1.470928E+04,7.310890E+03,4.972678E-01,6.397353E-01 
22:15:00,0.000000E+00,4.403037E+04,0.000000E+00,3.852359E+00,0.000000E+00,5.419441E+04,0.000000E+00,4.742071E+00,0.000000E+00,5.631837E+05,0.000000E+00,4.927907E+01,4.374350E+04,6.403050E+04,1.479239E+00,5.602672E+00,1.244051E+04,7.667241E+03,4.205549E-01,6.709327E-01,8.353419E+03,5.181686E+03,2.823881E-01,4.534295E-01,1.218819E+04,7.271242E+03,4.120250E-01,6.362825E-01,8.335214E+03,5.909328E+03,2.817726E-01,5.170965E-01,1.424451E+05,7.974735E+04,4.815433E+00,6.978369E+00,9.392305E+04,5.357715E+04,3.175100E+00,4.688312E+00,1.410060E+05,7.601491E+04,4.766784E+00,6.651781E+00,9.577320E+04,6.511996E+04,3.237647E+00,5.698271E+00,2.223724E+04,8.838088E+03,7.517653E-01,7.733790E-01,1.447976E+04,5.915793E+03,4.895084E-01,5.176622E-01,2.214737E+04,8.490983E+03,7.487268E-01,7.430076E-01,1.473506E+04,7.048237E+03,4.981394E-01,6.167471E-01 
22:30:00,0.000000E+00,4.321003E+04,0.000000E+00,3.780526E+00,0.000000E+00,5.297242E+04,0.000000E+00,4.635030E+00,0.000000E+00,5.508335E+05,0.000000E+00,4.819722E+01,4.401322E+04,6.246196E+04,1.488359E+00,5.465295E+00,1.244240E+04,7.447471E+03,4.206186E-01,6.516897E-01,8.354627E+03,5.031112E+03,2.824288E-01,4.402459E-01,1.219007E+04,7.060844E+03,4.120884E-01,6.178598E-01,8.336421E+03,5.735512E+03,2.818134E-01,5.018796E-01,1.424676E+05,7.731717E+04,4.816195E+00,6.765598E+00,9.393754E+04,5.194011E+04,3.175590E+00,4.544988E+00,1.410286E+05,7.369299E+04,4.767546E+00,6.448484E+00,9.578770E+04,6.282561E+04,3.238137E+00,5.497438E+00,2.227343E+04,8.549844E+03,7.529892E-01,7.481445E-01,1.450325E+04,5.722699E+03,4.903024E-01,5.007582E-01,2.218383E+04,8.213470E+03,7.499594E-01,7.187122E-01,1.475853E+04,6.788617E+03,4.989330E-01,5.940228E-01 
22:45:00,0.000000E+00,4.238438E+04,0.000000E+00,3.708253E+00,0.000000E+00,5.173597E+04,0.000000E+00,4.526754E+00,0.000000E+00,5.383362E+05,0.000000E+00,4.710281E+01,4.426197E+04,6.084896E+04,1.496771E+00,5.324057E+00,1.244422E+04,7.225854E+03,4.206803E-01,6.322970E-01,8.355796E+03,4.879559E+03,2.824683E-01,4.269847E-01,1.219189E+04,6.848946E+03,4.121499E-01,5.993173E-01,8.337590E+03,5.562549E+03,2.818528E-01,4.867459E-01,1.424897E+05,7.487884E+04,4.816940E+00,6.552233E+00,9.395169E+04,5.029926E+04,3.176068E+00,4.401411E+00,1.410506E+05,7.136375E+04,4.768291E+00,6.244663E+00,9.580184E+04,6.058438E+04,3.238615E+00,5.301341E+00,2.230658E+04,8.257635E+03,7.541100E-01,7.225757E-01,1.452475E+04,5.527177E+03,4.910296E-01,4.836501E-01,2.221720E+04,7.932068E+03,7.510878E-01,6.940886E-01,1.478003E+04,6.532177E+03,4.996598E-01,5.715857E-01 
23:00:00,0.000000E+00,4.155389E+04,0.000000E+00,3.635546E+00,0.000000E+00,5.048838E+04,0.000000E+00,4.417479E+00,0.000000E+00,5.257144E+05,0.000000E+00,4.599725E+01,4.449282E+04,5.919756E+04,1.504578E+00,5.179431E+00,1.244601E+04,7.003271E+03,4.207405E-01,6.128241E-01,8.356937E+03,4.727640E+03,2.825069E-01,4.136944E-01,1.219367E+04,6.635742E+03,4.122099E-01,5.806647E-01,8.338732E+03,5.390226E+03,2.818914E-01,4.716714E-01,1.425113E+05,7.243811E+04,4.817671E+00,6.338703E+00,9.396558E+04,4.865844E+04,3.176537E+00,4.257868E+00,1.410723E+05,6.903390E+04,4.769023E+00,6.040831E+00,9.581573E+04,5.839017E+04,3.239084E+00,5.109393E+00,2.233712E+04,7.962348E+03,7.551426E-01,6.967422E-01,1.454457E+04,5.329723E+03,4.916995E-01,4.663762E-01,2.224794E+04,7.647592E+03,7.521269E-01,6.692007E-01,1.479983E+04,6.278583E+03,5.003292E-01,5.494012E-01 
23:15:00,0.000000E+00,4.071924E+04,0.000000E+00,3.562462E+00,0.000000E+00,4.923227E+04,0.000000E+00,4.307437E+00,0.000000E+00,5.129895E+05,0.000000E+00,4.488243E+01,4.470802E+04,5.751447E+04,1.511855E+00,5.032008E+00,1.244775E+04,6.779643E+03,4.207995E-01,5.932615E-01,8.358057E+03,4.575443E+03,2.825447E-01,4.003811E-01,1.219541E+04,6.421227E+03,4.122688E-01,5.618987E-01,8.339851E+03,5.218548E+03,2.819292E-01,4.566546E-01,1.425326E+05,7.000224E+04,4.818392E+00,6.125616E+00,9.397926E+04,4.702235E+04,3.177000E+00,4.114750E+00,1.410936E+05,6.670246E+04,4.769744E+00,5.836878E+00,9.582941E+04,5.623881E+04,3.239547E+00,4.921206E+00,2.236538E+04,7.665059E+03,7.560981E-01,6.707352E-01,1.456290E+04,5.131176E+03,4.923193E-01,4.490078E-01,2.227637E+04,7.361168E+03,7.530883E-01,6.441440E-01,1.481815E+04,6.027783E+03,5.009486E-01,5.274623E-01 
23:30:00,0.000000E+00,3.988078E+04,0.000000E+00,3.489037E+00,0.000000E+00,4.796903E+04,0.000000E+00,4.196756E+00,0.000000E+00,5.001744E+05,0.000000E+00,4.375959E+01,4.490940E+04,5.580447E+04,1.518665E+00,4.882219E+00,1.244947E+04,6.554966E+03,4.208577E-01,5.736072E-01,8.359159E+03,4.422904E+03,2.825819E-01,3.870379E-01,1.219713E+04,6.205366E+03,4.123269E-01,5.430151E-01,8.340953E+03,5.047637E+03,2.819665E-01,4.417052E-01,1.425537E+05,6.756826E+04,4.819104E+00,5.912700E+00,9.399279E+04,4.538878E+04,3.177457E+00,3.971857E+00,1.411147E+05,6.436728E+04,4.770457E+00,5.632599E+00,9.584294E+04,5.412731E+04,3.240004E+00,4.736507E+00,2.239164E+04,7.366609E+03,7.569858E-01,6.446270E-01,1.457993E+04,4.932036E+03,4.928951E-01,4.315878E-01,2.230278E+04,7.072767E+03,7.539811E-01,6.189146E-01,1.483516E+04,5.779771E+03,5.015240E-01,5.057673E-01 
23:45:00,0.000000E+00,3.982060E+04,0.000000E+00,3.483735E+00,0.000000E+00,4.785535E+04,0.000000E+00,4.186720E+00,0.000000E+00,4.988496E+05,0.000000E+00,4.364273E+01,4.509845E+04,5.523209E+04,1.525058E+00,4.832036E+00,1.245117E+04,6.472506E+03,4.209151E-01,5.664068E-01,8.360247E+03,4.362379E+03,2.826187E-01,3.817524E-01,1.219883E+04,6.131253E+03,4.123842E-01,5.365443E-01,8.342042E+03,4.969727E+03,2.820033E-01,4.349000E-01,1.425746E+05,6.657965E+04,4.819810E+00,5.826350E+00,9.400618E+04,4.468823E+04,3.177910E+00,3.910665E+00,1.411356E+05,6.347021E+04,4.771164E+00,5.554251E+00,9.585633E+04,5.299064E+04,3.240457E+00,4.637170E+00,2.241611E+04,7.212910E+03,7.578133E-01,6.311945E-01,1.459580E+04,4.826424E+03,4.934317E-01,4.223580E-01,2.232739E+04,6.928510E+03,7.548131E-01,6.063076E-01,1.485102E+04,5.629264E+03,5.020601E-01,4.926104E-01 
24:00:00,0.000000E+00,3.976973E+04,0.000000E+00,3.479267E+00,0.000000E+00,4.777780E+04,0.000000E+00,4.179890E+00,0.000000E+00,4.978731E+05,0.000000E+00,4.355682E+01,4.527797E+04,5.469738E+04,1.531128E+00,4.785205E+00,1.245287E+04,6.394976E+03,4.209723E-01,5.596404E-01,8.361331E+03,4.305385E+03,2.826554E-01,3.767773E-01,1.220051E+04,6.061645E+03,4.124413E-01,5.304705E-01,8.343126E+03,4.896082E+03,2.820399E-01,4.284689E-01,1.425954E+05,6.564968E+04,4.820514E+00,5.745155E+00,9.401954E+04,4.402716E+04,3.178361E+00,3.852942E+00,1.411565E+05,6.262587E+04,4.771869E+00,5.480543E+00,9.586970E+04,5.192775E+04,3.240908E+00,4.544302E+00,2.243918E+04,7.065559E+03,7.585930E-01,6.183195E-01,1.461075E+04,4.725078E+03,4.939372E-01,4.135025E-01,2.235057E+04,6.789983E+03,7.555969E-01,5.942041E-01,1.486596E+04,5.486653E+03,5.025652E-01,4.801457E-01 
Peak,0.000000E+00,4.502437E+04,0.000000E+00,3.939364E+00,0.000000E+00,5.690685E+04,0.000000E+00,4.979480E+00,0.000000E+00,5.910422E+05,0.000000E+00,5.171741E+01,4.782821E+04,6.886318E+04,1.617368E+00,6.025619E+00,1.245287E+04,1.236486E+04,4.209723E-01,1.081994E+00,8.361331E+03,1.608450E+04,2.826554E-01,1.407415E+00,1.220051E+04,1.066374E+04,4.124413E-01,9.331435E-01,8.343126E+03,1.774085E+04,2.820399E-01,1.552355E+00,1.425954E+05,1.341911E+05,4.820514E+00,1.174240E+01,9.401954E+04,1.665190E+05,3.178361E+00,1.457062E+01,1.411565E+05,1.119486E+05,4.771869E+00,9.796160E+00,9.586970E+04,1.890486E+05,3.240908E+00,1.654199E+01,2.274014E+04,1.371731E+04,7.687687E-01,1.200329E+00,1.480530E+04,1.614581E+04,5.005147E-01,1.412781E+00,2.265272E+04,1.197596E+04,7.658128E-01,1.047960E+00,1.506019E+04,1.955325E+04,5.091320E-01,1.710931E+00 

Peak Vol Flow (m3/s),,,0.000000E+00,3.350128E+00,,,0.000000E+00,4.234667E+00,,,0.000000E+00,4.398170E+01,,,1.375447E+00,5.124328E+00,,,3.580048E-01,9.201528E-01,,,2.403768E-01,1.196899E+00,,,3.507498E-01,7.935672E-01,,,2.398534E-01,1.320159E+00,,,4.099479E+00,9.986009E+00,,,2.702953E+00,1.239120E+01,,,4.058110E+00,8.330885E+00,,,2.756145E+00,1.406770E+01,,,6.537790E-01,1.020788E+00,,,4.256495E-01,1.201462E+00,,,6.512653E-01,8.912099E-01,,,4.329778E-01,1.455016E+00 
